-- phpMyAdmin SQL Dump
-- version 4.6.5.2
-- https://www.phpmyadmin.net/
--
-- Host: localhost
-- Generation Time: 05 Jun 2017 pada 10.19
-- Versi Server: 10.1.21-MariaDB
-- PHP Version: 5.6.30

SET SQL_MODE = "NO_AUTO_VALUE_ON_ZERO";
SET time_zone = "+00:00";


/*!40101 SET @OLD_CHARACTER_SET_CLIENT=@@CHARACTER_SET_CLIENT */;
/*!40101 SET @OLD_CHARACTER_SET_RESULTS=@@CHARACTER_SET_RESULTS */;
/*!40101 SET @OLD_COLLATION_CONNECTION=@@COLLATION_CONNECTION */;
/*!40101 SET NAMES utf8mb4 */;

--
-- Database: `adpti`
--

-- --------------------------------------------------------

--
-- Struktur dari tabel `tbl_jurusan`
--

CREATE TABLE `tbl_jurusan` (
  `id` int(11) NOT NULL,
  `id_pt` int(7) NOT NULL,
  `kode_jurusan` int(7) NOT NULL,
  `akreditasi` char(1) NOT NULL
) ENGINE=InnoDB DEFAULT CHARSET=latin1;

--
-- Dumping data untuk tabel `tbl_jurusan`
--

INSERT INTO `tbl_jurusan` (`id`, `id_pt`, `kode_jurusan`, `akreditasi`) VALUES
(37, 97, 10925, 'B'),
(38, 97, 10915, 'B'),
(39, 97, 10003, 'B'),
(40, 97, 10042, 'C'),
(41, 97, 10098, 'C'),
(42, 97, 10195, 'A'),
(43, 97, 10397, 'A'),
(46, 99, 10001, ''),
(47, 99, 10002, ''),
(48, 99, 10003, ''),
(52, 120, 10007, '-'),
(62, 116, 10005, 'B'),
(63, 116, 10002, 'B'),
(64, 116, 10007, 'B'),
(65, 116, 10009, 'B'),
(66, 116, 10010, 'A'),
(67, 119, 10002, '-'),
(68, 119, 10005, '-'),
(69, 119, 10007, '-'),
(71, 119, 10009, '-'),
(72, 137, 10003, '-'),
(73, 137, 10005, '-'),
(74, 137, 10008, '-'),
(75, 137, 10009, '-'),
(76, 137, 10518, '-'),
(77, 138, 10001, '-'),
(78, 138, 10004, '-'),
(79, 138, 10005, '-'),
(80, 138, 10006, '-'),
(81, 138, 10008, '-'),
(82, 140, 10001, ''),
(83, 140, 10003, ''),
(84, 140, 10025, ''),
(85, 141, 10002, ''),
(86, 141, 10003, ''),
(87, 141, 10005, '');

-- --------------------------------------------------------

--
-- Struktur dari tabel `tbl_kota`
--

CREATE TABLE `tbl_kota` (
  `id_kota` int(7) NOT NULL,
  `id_provinsi` int(3) NOT NULL,
  `nama` varchar(30) NOT NULL
) ENGINE=InnoDB DEFAULT CHARSET=latin1;

--
-- Dumping data untuk tabel `tbl_kota`
--

INSERT INTO `tbl_kota` (`id_kota`, `id_provinsi`, `nama`) VALUES
(1101, 11, 'KABUPATEN SIMEULUE'),
(1102, 11, 'KABUPATEN ACEH SINGKIL'),
(1103, 11, 'KABUPATEN ACEH SELATAN'),
(1104, 11, 'KABUPATEN ACEH TENGGARA'),
(1105, 11, 'KABUPATEN ACEH TIMUR'),
(1106, 11, 'KABUPATEN ACEH TENGAH'),
(1107, 11, 'KABUPATEN ACEH BARAT'),
(1108, 11, 'KABUPATEN ACEH BESAR'),
(1109, 11, 'KABUPATEN PIDIE'),
(1110, 11, 'KABUPATEN BIREUEN'),
(1111, 11, 'KABUPATEN ACEH UTARA'),
(1112, 11, 'KABUPATEN ACEH BARAT DAYA'),
(1113, 11, 'KABUPATEN GAYO LUES'),
(1114, 11, 'KABUPATEN ACEH TAMIANG'),
(1115, 11, 'KABUPATEN NAGAN RAYA'),
(1116, 11, 'KABUPATEN ACEH JAYA'),
(1117, 11, 'KABUPATEN BENER MERIAH'),
(1118, 11, 'KABUPATEN PIDIE JAYA'),
(1171, 11, 'KOTA BANDA ACEH'),
(1172, 11, 'KOTA SABANG'),
(1173, 11, 'KOTA LANGSA'),
(1174, 11, 'KOTA LHOKSEUMAWE'),
(1175, 11, 'KOTA SUBULUSSALAM'),
(1201, 12, 'KABUPATEN NIAS'),
(1202, 12, 'KABUPATEN MANDAILING NATAL'),
(1203, 12, 'KABUPATEN TAPANULI SELATAN'),
(1204, 12, 'KABUPATEN TAPANULI TENGAH'),
(1205, 12, 'KABUPATEN TAPANULI UTARA'),
(1206, 12, 'KABUPATEN TOBA SAMOSIR'),
(1207, 12, 'KABUPATEN LABUHAN BATU'),
(1208, 12, 'KABUPATEN ASAHAN'),
(1209, 12, 'KABUPATEN SIMALUNGUN'),
(1210, 12, 'KABUPATEN DAIRI'),
(1211, 12, 'KABUPATEN KARO'),
(1212, 12, 'KABUPATEN DELI SERDANG'),
(1213, 12, 'KABUPATEN LANGKAT'),
(1214, 12, 'KABUPATEN NIAS SELATAN'),
(1215, 12, 'KABUPATEN HUMBANG HASUNDUTAN'),
(1216, 12, 'KABUPATEN PAKPAK BHARAT'),
(1217, 12, 'KABUPATEN SAMOSIR'),
(1218, 12, 'KABUPATEN SERDANG BEDAGAI'),
(1219, 12, 'KABUPATEN BATU BARA'),
(1220, 12, 'KABUPATEN PADANG LAWAS UTARA'),
(1221, 12, 'KABUPATEN PADANG LAWAS'),
(1222, 12, 'KABUPATEN LABUHAN BATU SELATAN'),
(1223, 12, 'KABUPATEN LABUHAN BATU UTARA'),
(1224, 12, 'KABUPATEN NIAS UTARA'),
(1225, 12, 'KABUPATEN NIAS BARAT'),
(1271, 12, 'KOTA SIBOLGA'),
(1272, 12, 'KOTA TANJUNG BALAI'),
(1273, 12, 'KOTA PEMATANG SIANTAR'),
(1274, 12, 'KOTA TEBING TINGGI'),
(1275, 12, 'KOTA MEDAN'),
(1276, 12, 'KOTA BINJAI'),
(1277, 12, 'KOTA PADANGSIDIMPUAN'),
(1278, 12, 'KOTA GUNUNGSITOLI'),
(1301, 13, 'KABUPATEN KEPULAUAN MENTAWAI'),
(1302, 13, 'KABUPATEN PESISIR SELATAN'),
(1303, 13, 'KABUPATEN SOLOK'),
(1304, 13, 'KABUPATEN SIJUNJUNG'),
(1305, 13, 'KABUPATEN TANAH DATAR'),
(1306, 13, 'KABUPATEN PADANG PARIAMAN'),
(1307, 13, 'KABUPATEN AGAM'),
(1308, 13, 'KABUPATEN LIMA PULUH KOTA'),
(1309, 13, 'KABUPATEN PASAMAN'),
(1310, 13, 'KABUPATEN SOLOK SELATAN'),
(1311, 13, 'KABUPATEN DHARMASRAYA'),
(1312, 13, 'KABUPATEN PASAMAN BARAT'),
(1371, 13, 'KOTA PADANG'),
(1372, 13, 'KOTA SOLOK'),
(1373, 13, 'KOTA SAWAH LUNTO'),
(1374, 13, 'KOTA PADANG PANJANG'),
(1375, 13, 'KOTA BUKITTINGGI'),
(1376, 13, 'KOTA PAYAKUMBUH'),
(1377, 13, 'KOTA PARIAMAN'),
(1401, 14, 'KABUPATEN KUANTAN SINGINGI'),
(1402, 14, 'KABUPATEN INDRAGIRI HULU'),
(1403, 14, 'KABUPATEN INDRAGIRI HILIR'),
(1404, 14, 'KABUPATEN PELALAWAN'),
(1405, 14, 'KABUPATEN S I A K'),
(1406, 14, 'KABUPATEN KAMPAR'),
(1407, 14, 'KABUPATEN ROKAN HULU'),
(1408, 14, 'KABUPATEN BENGKALIS'),
(1409, 14, 'KABUPATEN ROKAN HILIR'),
(1410, 14, 'KABUPATEN KEPULAUAN MERANTI'),
(1471, 14, 'KOTA PEKANBARU'),
(1473, 14, 'KOTA D U M A I'),
(1501, 15, 'KABUPATEN KERINCI'),
(1502, 15, 'KABUPATEN MERANGIN'),
(1503, 15, 'KABUPATEN SAROLANGUN'),
(1504, 15, 'KABUPATEN BATANG HARI'),
(1505, 15, 'KABUPATEN MUARO JAMBI'),
(1506, 15, 'KABUPATEN TANJUNG JABUNG TIMUR'),
(1507, 15, 'KABUPATEN TANJUNG JABUNG BARAT'),
(1508, 15, 'KABUPATEN TEBO'),
(1509, 15, 'KABUPATEN BUNGO'),
(1571, 15, 'KOTA JAMBI'),
(1572, 15, 'KOTA SUNGAI PENUH'),
(1601, 16, 'KABUPATEN OGAN KOMERING ULU'),
(1602, 16, 'KABUPATEN OGAN KOMERING ILIR'),
(1603, 16, 'KABUPATEN MUARA ENIM'),
(1604, 16, 'KABUPATEN LAHAT'),
(1605, 16, 'KABUPATEN MUSI RAWAS'),
(1606, 16, 'KABUPATEN MUSI BANYUASIN'),
(1607, 16, 'KABUPATEN BANYU ASIN'),
(1608, 16, 'KABUPATEN OGAN KOMERING ULU SE'),
(1609, 16, 'KABUPATEN OGAN KOMERING ULU TI'),
(1610, 16, 'KABUPATEN OGAN ILIR'),
(1611, 16, 'KABUPATEN EMPAT LAWANG'),
(1612, 16, 'KABUPATEN PENUKAL ABAB LEMATAN'),
(1613, 16, 'KABUPATEN MUSI RAWAS UTARA'),
(1671, 16, 'KOTA PALEMBANG'),
(1672, 16, 'KOTA PRABUMULIH'),
(1673, 16, 'KOTA PAGAR ALAM'),
(1674, 16, 'KOTA LUBUKLINGGAU'),
(1701, 17, 'KABUPATEN BENGKULU SELATAN'),
(1702, 17, 'KABUPATEN REJANG LEBONG'),
(1703, 17, 'KABUPATEN BENGKULU UTARA'),
(1704, 17, 'KABUPATEN KAUR'),
(1705, 17, 'KABUPATEN SELUMA'),
(1706, 17, 'KABUPATEN MUKOMUKO'),
(1707, 17, 'KABUPATEN LEBONG'),
(1708, 17, 'KABUPATEN KEPAHIANG'),
(1709, 17, 'KABUPATEN BENGKULU TENGAH'),
(1771, 17, 'KOTA BENGKULU'),
(1801, 18, 'KABUPATEN LAMPUNG BARAT'),
(1802, 18, 'KABUPATEN TANGGAMUS'),
(1803, 18, 'KABUPATEN LAMPUNG SELATAN'),
(1804, 18, 'KABUPATEN LAMPUNG TIMUR'),
(1805, 18, 'KABUPATEN LAMPUNG TENGAH'),
(1806, 18, 'KABUPATEN LAMPUNG UTARA'),
(1807, 18, 'KABUPATEN WAY KANAN'),
(1808, 18, 'KABUPATEN TULANGBAWANG'),
(1809, 18, 'KABUPATEN PESAWARAN'),
(1810, 18, 'KABUPATEN PRINGSEWU'),
(1811, 18, 'KABUPATEN MESUJI'),
(1812, 18, 'KABUPATEN TULANG BAWANG BARAT'),
(1813, 18, 'KABUPATEN PESISIR BARAT'),
(1871, 18, 'KOTA BANDAR LAMPUNG'),
(1872, 18, 'KOTA METRO'),
(1901, 19, 'KABUPATEN BANGKA'),
(1902, 19, 'KABUPATEN BELITUNG'),
(1903, 19, 'KABUPATEN BANGKA BARAT'),
(1904, 19, 'KABUPATEN BANGKA TENGAH'),
(1905, 19, 'KABUPATEN BANGKA SELATAN'),
(1906, 19, 'KABUPATEN BELITUNG TIMUR'),
(1971, 19, 'KOTA PANGKAL PINANG'),
(2101, 21, 'KABUPATEN KARIMUN'),
(2102, 21, 'KABUPATEN BINTAN'),
(2103, 21, 'KABUPATEN NATUNA'),
(2104, 21, 'KABUPATEN LINGGA'),
(2105, 21, 'KABUPATEN KEPULAUAN ANAMBAS'),
(2171, 21, 'KOTA B A T A M'),
(2172, 21, 'KOTA TANJUNG PINANG'),
(3101, 31, 'KABUPATEN KEPULAUAN SERIBU'),
(3171, 31, 'KOTA JAKARTA SELATAN'),
(3172, 31, 'KOTA JAKARTA TIMUR'),
(3173, 31, 'KOTA JAKARTA PUSAT'),
(3174, 31, 'KOTA JAKARTA BARAT'),
(3175, 31, 'KOTA JAKARTA UTARA'),
(3201, 32, 'KABUPATEN BOGOR'),
(3202, 32, 'KABUPATEN SUKABUMI'),
(3203, 32, 'KABUPATEN CIANJUR'),
(3204, 32, 'KABUPATEN BANDUNG'),
(3205, 32, 'KABUPATEN GARUT'),
(3206, 32, 'KABUPATEN TASIKMALAYA'),
(3207, 32, 'KABUPATEN CIAMIS'),
(3208, 32, 'KABUPATEN KUNINGAN'),
(3209, 32, 'KABUPATEN CIREBON'),
(3210, 32, 'KABUPATEN MAJALENGKA'),
(3211, 32, 'KABUPATEN SUMEDANG'),
(3212, 32, 'KABUPATEN INDRAMAYU'),
(3213, 32, 'KABUPATEN SUBANG'),
(3214, 32, 'KABUPATEN PURWAKARTA'),
(3215, 32, 'KABUPATEN KARAWANG'),
(3216, 32, 'KABUPATEN BEKASI'),
(3217, 32, 'KABUPATEN BANDUNG BARAT'),
(3218, 32, 'KABUPATEN PANGANDARAN'),
(3271, 32, 'KOTA BOGOR'),
(3272, 32, 'KOTA SUKABUMI'),
(3273, 32, 'KOTA BANDUNG'),
(3274, 32, 'KOTA CIREBON'),
(3275, 32, 'KOTA BEKASI'),
(3276, 32, 'KOTA DEPOK'),
(3277, 32, 'KOTA CIMAHI'),
(3278, 32, 'KOTA TASIKMALAYA'),
(3279, 32, 'KOTA BANJAR'),
(3301, 33, 'KABUPATEN CILACAP'),
(3302, 33, 'KABUPATEN BANYUMAS'),
(3303, 33, 'KABUPATEN PURBALINGGA'),
(3304, 33, 'KABUPATEN BANJARNEGARA'),
(3305, 33, 'KABUPATEN KEBUMEN'),
(3306, 33, 'KABUPATEN PURWOREJO'),
(3307, 33, 'KABUPATEN WONOSOBO'),
(3308, 33, 'KABUPATEN MAGELANG'),
(3309, 33, 'KABUPATEN BOYOLALI'),
(3310, 33, 'KABUPATEN KLATEN'),
(3311, 33, 'KABUPATEN SUKOHARJO'),
(3312, 33, 'KABUPATEN WONOGIRI'),
(3313, 33, 'KABUPATEN KARANGANYAR'),
(3314, 33, 'KABUPATEN SRAGEN'),
(3315, 33, 'KABUPATEN GROBOGAN'),
(3316, 33, 'KABUPATEN BLORA'),
(3317, 33, 'KABUPATEN REMBANG'),
(3318, 33, 'KABUPATEN PATI'),
(3319, 33, 'KABUPATEN KUDUS'),
(3320, 33, 'KABUPATEN JEPARA'),
(3321, 33, 'KABUPATEN DEMAK'),
(3322, 33, 'KABUPATEN SEMARANG'),
(3323, 33, 'KABUPATEN TEMANGGUNG'),
(3324, 33, 'KABUPATEN KENDAL'),
(3325, 33, 'KABUPATEN BATANG'),
(3326, 33, 'KABUPATEN PEKALONGAN'),
(3327, 33, 'KABUPATEN PEMALANG'),
(3328, 33, 'KABUPATEN TEGAL'),
(3329, 33, 'KABUPATEN BREBES'),
(3371, 33, 'KOTA MAGELANG'),
(3372, 33, 'KOTA SURAKARTA'),
(3373, 33, 'KOTA SALATIGA'),
(3374, 33, 'KOTA SEMARANG'),
(3375, 33, 'KOTA PEKALONGAN'),
(3376, 33, 'KOTA TEGAL'),
(3401, 34, 'KABUPATEN KULON PROGO'),
(3402, 34, 'KABUPATEN BANTUL'),
(3403, 34, 'KABUPATEN GUNUNG KIDUL'),
(3404, 34, 'KABUPATEN SLEMAN'),
(3471, 34, 'KOTA YOGYAKARTA'),
(3501, 35, 'KABUPATEN PACITAN'),
(3502, 35, 'KABUPATEN PONOROGO'),
(3503, 35, 'KABUPATEN TRENGGALEK'),
(3504, 35, 'KABUPATEN TULUNGAGUNG'),
(3505, 35, 'KABUPATEN BLITAR'),
(3506, 35, 'KABUPATEN KEDIRI'),
(3507, 35, 'KABUPATEN MALANG'),
(3508, 35, 'KABUPATEN LUMAJANG'),
(3509, 35, 'KABUPATEN JEMBER'),
(3510, 35, 'KABUPATEN BANYUWANGI'),
(3511, 35, 'KABUPATEN BONDOWOSO'),
(3512, 35, 'KABUPATEN SITUBONDO'),
(3513, 35, 'KABUPATEN PROBOLINGGO'),
(3514, 35, 'KABUPATEN PASURUAN'),
(3515, 35, 'KABUPATEN SIDOARJO'),
(3516, 35, 'KABUPATEN MOJOKERTO'),
(3517, 35, 'KABUPATEN JOMBANG'),
(3518, 35, 'KABUPATEN NGANJUK'),
(3519, 35, 'KABUPATEN MADIUN'),
(3520, 35, 'KABUPATEN MAGETAN'),
(3521, 35, 'KABUPATEN NGAWI'),
(3522, 35, 'KABUPATEN BOJONEGORO'),
(3523, 35, 'KABUPATEN TUBAN'),
(3524, 35, 'KABUPATEN LAMONGAN'),
(3525, 35, 'KABUPATEN GRESIK'),
(3526, 35, 'KABUPATEN BANGKALAN'),
(3527, 35, 'KABUPATEN SAMPANG'),
(3528, 35, 'KABUPATEN PAMEKASAN'),
(3529, 35, 'KABUPATEN SUMENEP'),
(3571, 35, 'KOTA KEDIRI'),
(3572, 35, 'KOTA BLITAR'),
(3573, 35, 'KOTA MALANG'),
(3574, 35, 'KOTA PROBOLINGGO'),
(3575, 35, 'KOTA PASURUAN'),
(3576, 35, 'KOTA MOJOKERTO'),
(3577, 35, 'KOTA MADIUN'),
(3578, 35, 'KOTA SURABAYA'),
(3579, 35, 'KOTA BATU'),
(3601, 36, 'KABUPATEN PANDEGLANG'),
(3602, 36, 'KABUPATEN LEBAK'),
(3603, 36, 'KABUPATEN TANGERANG'),
(3604, 36, 'KABUPATEN SERANG'),
(3671, 36, 'KOTA TANGERANG'),
(3672, 36, 'KOTA CILEGON'),
(3673, 36, 'KOTA SERANG'),
(3674, 36, 'KOTA TANGERANG SELATAN'),
(5101, 51, 'KABUPATEN JEMBRANA'),
(5102, 51, 'KABUPATEN TABANAN'),
(5103, 51, 'KABUPATEN BADUNG'),
(5104, 51, 'KABUPATEN GIANYAR'),
(5105, 51, 'KABUPATEN KLUNGKUNG'),
(5106, 51, 'KABUPATEN BANGLI'),
(5107, 51, 'KABUPATEN KARANG ASEM'),
(5108, 51, 'KABUPATEN BULELENG'),
(5171, 51, 'KOTA DENPASAR'),
(5201, 52, 'KABUPATEN LOMBOK BARAT'),
(5202, 52, 'KABUPATEN LOMBOK TENGAH'),
(5203, 52, 'KABUPATEN LOMBOK TIMUR'),
(5204, 52, 'KABUPATEN SUMBAWA'),
(5205, 52, 'KABUPATEN DOMPU'),
(5206, 52, 'KABUPATEN BIMA'),
(5207, 52, 'KABUPATEN SUMBAWA BARAT'),
(5208, 52, 'KABUPATEN LOMBOK UTARA'),
(5271, 52, 'KOTA MATARAM'),
(5272, 52, 'KOTA BIMA'),
(5301, 53, 'KABUPATEN SUMBA BARAT'),
(5302, 53, 'KABUPATEN SUMBA TIMUR'),
(5303, 53, 'KABUPATEN KUPANG'),
(5304, 53, 'KABUPATEN TIMOR TENGAH SELATAN'),
(5305, 53, 'KABUPATEN TIMOR TENGAH UTARA'),
(5306, 53, 'KABUPATEN BELU'),
(5307, 53, 'KABUPATEN ALOR'),
(5308, 53, 'KABUPATEN LEMBATA'),
(5309, 53, 'KABUPATEN FLORES TIMUR'),
(5310, 53, 'KABUPATEN SIKKA'),
(5311, 53, 'KABUPATEN ENDE'),
(5312, 53, 'KABUPATEN NGADA'),
(5313, 53, 'KABUPATEN MANGGARAI'),
(5314, 53, 'KABUPATEN ROTE NDAO'),
(5315, 53, 'KABUPATEN MANGGARAI BARAT'),
(5316, 53, 'KABUPATEN SUMBA TENGAH'),
(5317, 53, 'KABUPATEN SUMBA BARAT DAYA'),
(5318, 53, 'KABUPATEN NAGEKEO'),
(5319, 53, 'KABUPATEN MANGGARAI TIMUR'),
(5320, 53, 'KABUPATEN SABU RAIJUA'),
(5321, 53, 'KABUPATEN MALAKA'),
(5371, 53, 'KOTA KUPANG'),
(6101, 61, 'KABUPATEN SAMBAS'),
(6102, 61, 'KABUPATEN BENGKAYANG'),
(6103, 61, 'KABUPATEN LANDAK'),
(6104, 61, 'KABUPATEN MEMPAWAH'),
(6105, 61, 'KABUPATEN SANGGAU'),
(6106, 61, 'KABUPATEN KETAPANG'),
(6107, 61, 'KABUPATEN SINTANG'),
(6108, 61, 'KABUPATEN KAPUAS HULU'),
(6109, 61, 'KABUPATEN SEKADAU'),
(6110, 61, 'KABUPATEN MELAWI'),
(6111, 61, 'KABUPATEN KAYONG UTARA'),
(6112, 61, 'KABUPATEN KUBU RAYA'),
(6171, 61, 'KOTA PONTIANAK'),
(6172, 61, 'KOTA SINGKAWANG'),
(6201, 62, 'KABUPATEN KOTAWARINGIN BARAT'),
(6202, 62, 'KABUPATEN KOTAWARINGIN TIMUR'),
(6203, 62, 'KABUPATEN KAPUAS'),
(6204, 62, 'KABUPATEN BARITO SELATAN'),
(6205, 62, 'KABUPATEN BARITO UTARA'),
(6206, 62, 'KABUPATEN SUKAMARA'),
(6207, 62, 'KABUPATEN LAMANDAU'),
(6208, 62, 'KABUPATEN SERUYAN'),
(6209, 62, 'KABUPATEN KATINGAN'),
(6210, 62, 'KABUPATEN PULANG PISAU'),
(6211, 62, 'KABUPATEN GUNUNG MAS'),
(6212, 62, 'KABUPATEN BARITO TIMUR'),
(6213, 62, 'KABUPATEN MURUNG RAYA'),
(6271, 62, 'KOTA PALANGKA RAYA'),
(6301, 63, 'KABUPATEN TANAH LAUT'),
(6302, 63, 'KABUPATEN KOTA BARU'),
(6303, 63, 'KABUPATEN BANJAR'),
(6304, 63, 'KABUPATEN BARITO KUALA'),
(6305, 63, 'KABUPATEN TAPIN'),
(6306, 63, 'KABUPATEN HULU SUNGAI SELATAN'),
(6307, 63, 'KABUPATEN HULU SUNGAI TENGAH'),
(6308, 63, 'KABUPATEN HULU SUNGAI UTARA'),
(6309, 63, 'KABUPATEN TABALONG'),
(6310, 63, 'KABUPATEN TANAH BUMBU'),
(6311, 63, 'KABUPATEN BALANGAN'),
(6371, 63, 'KOTA BANJARMASIN'),
(6372, 63, 'KOTA BANJAR BARU'),
(6401, 64, 'KABUPATEN PASER'),
(6402, 64, 'KABUPATEN KUTAI BARAT'),
(6403, 64, 'KABUPATEN KUTAI KARTANEGARA'),
(6404, 64, 'KABUPATEN KUTAI TIMUR'),
(6405, 64, 'KABUPATEN BERAU'),
(6409, 64, 'KABUPATEN PENAJAM PASER UTARA'),
(6411, 64, 'KABUPATEN MAHAKAM HULU'),
(6471, 64, 'KOTA BALIKPAPAN'),
(6472, 64, 'KOTA SAMARINDA'),
(6474, 64, 'KOTA BONTANG'),
(6501, 65, 'KABUPATEN MALINAU'),
(6502, 65, 'KABUPATEN BULUNGAN'),
(6503, 65, 'KABUPATEN TANA TIDUNG'),
(6504, 65, 'KABUPATEN NUNUKAN'),
(6571, 65, 'KOTA TARAKAN'),
(7101, 71, 'KABUPATEN BOLAANG MONGONDOW'),
(7102, 71, 'KABUPATEN MINAHASA'),
(7103, 71, 'KABUPATEN KEPULAUAN SANGIHE'),
(7104, 71, 'KABUPATEN KEPULAUAN TALAUD'),
(7105, 71, 'KABUPATEN MINAHASA SELATAN'),
(7106, 71, 'KABUPATEN MINAHASA UTARA'),
(7107, 71, 'KABUPATEN BOLAANG MONGONDOW UT'),
(7108, 71, 'KABUPATEN SIAU TAGULANDANG BIA'),
(7109, 71, 'KABUPATEN MINAHASA TENGGARA'),
(7110, 71, 'KABUPATEN BOLAANG MONGONDOW SE'),
(7111, 71, 'KABUPATEN BOLAANG MONGONDOW TI'),
(7171, 71, 'KOTA MANADO'),
(7172, 71, 'KOTA BITUNG'),
(7173, 71, 'KOTA TOMOHON'),
(7174, 71, 'KOTA KOTAMOBAGU'),
(7201, 72, 'KABUPATEN BANGGAI KEPULAUAN'),
(7202, 72, 'KABUPATEN BANGGAI'),
(7203, 72, 'KABUPATEN MOROWALI'),
(7204, 72, 'KABUPATEN POSO'),
(7205, 72, 'KABUPATEN DONGGALA'),
(7206, 72, 'KABUPATEN TOLI-TOLI'),
(7207, 72, 'KABUPATEN BUOL'),
(7208, 72, 'KABUPATEN PARIGI MOUTONG'),
(7209, 72, 'KABUPATEN TOJO UNA-UNA'),
(7210, 72, 'KABUPATEN SIGI'),
(7211, 72, 'KABUPATEN BANGGAI LAUT'),
(7212, 72, 'KABUPATEN MOROWALI UTARA'),
(7271, 72, 'KOTA PALU'),
(7301, 73, 'KABUPATEN KEPULAUAN SELAYAR'),
(7302, 73, 'KABUPATEN BULUKUMBA'),
(7303, 73, 'KABUPATEN BANTAENG'),
(7304, 73, 'KABUPATEN JENEPONTO'),
(7305, 73, 'KABUPATEN TAKALAR'),
(7306, 73, 'KABUPATEN GOWA'),
(7307, 73, 'KABUPATEN SINJAI'),
(7308, 73, 'KABUPATEN MAROS'),
(7309, 73, 'KABUPATEN PANGKAJENE DAN KEPUL'),
(7310, 73, 'KABUPATEN BARRU'),
(7311, 73, 'KABUPATEN BONE'),
(7312, 73, 'KABUPATEN SOPPENG'),
(7313, 73, 'KABUPATEN WAJO'),
(7314, 73, 'KABUPATEN SIDENRENG RAPPANG'),
(7315, 73, 'KABUPATEN PINRANG'),
(7316, 73, 'KABUPATEN ENREKANG'),
(7317, 73, 'KABUPATEN LUWU'),
(7318, 73, 'KABUPATEN TANA TORAJA'),
(7322, 73, 'KABUPATEN LUWU UTARA'),
(7325, 73, 'KABUPATEN LUWU TIMUR'),
(7326, 73, 'KABUPATEN TORAJA UTARA'),
(7371, 73, 'KOTA MAKASSAR'),
(7372, 73, 'KOTA PAREPARE'),
(7373, 73, 'KOTA PALOPO'),
(7401, 74, 'KABUPATEN BUTON'),
(7402, 74, 'KABUPATEN MUNA'),
(7403, 74, 'KABUPATEN KONAWE'),
(7404, 74, 'KABUPATEN KOLAKA'),
(7405, 74, 'KABUPATEN KONAWE SELATAN'),
(7406, 74, 'KABUPATEN BOMBANA'),
(7407, 74, 'KABUPATEN WAKATOBI'),
(7408, 74, 'KABUPATEN KOLAKA UTARA'),
(7409, 74, 'KABUPATEN BUTON UTARA'),
(7410, 74, 'KABUPATEN KONAWE UTARA'),
(7411, 74, 'KABUPATEN KOLAKA TIMUR'),
(7412, 74, 'KABUPATEN KONAWE KEPULAUAN'),
(7413, 74, 'KABUPATEN MUNA BARAT'),
(7414, 74, 'KABUPATEN BUTON TENGAH'),
(7415, 74, 'KABUPATEN BUTON SELATAN'),
(7471, 74, 'KOTA KENDARI'),
(7472, 74, 'KOTA BAUBAU'),
(7501, 75, 'KABUPATEN BOALEMO'),
(7502, 75, 'KABUPATEN GORONTALO'),
(7503, 75, 'KABUPATEN POHUWATO'),
(7504, 75, 'KABUPATEN BONE BOLANGO'),
(7505, 75, 'KABUPATEN GORONTALO UTARA'),
(7571, 75, 'KOTA GORONTALO'),
(7601, 76, 'KABUPATEN MAJENE'),
(7602, 76, 'KABUPATEN POLEWALI MANDAR'),
(7603, 76, 'KABUPATEN MAMASA'),
(7604, 76, 'KABUPATEN MAMUJU'),
(7605, 76, 'KABUPATEN MAMUJU UTARA'),
(7606, 76, 'KABUPATEN MAMUJU TENGAH'),
(8101, 81, 'KABUPATEN MALUKU TENGGARA BARA'),
(8102, 81, 'KABUPATEN MALUKU TENGGARA'),
(8103, 81, 'KABUPATEN MALUKU TENGAH'),
(8104, 81, 'KABUPATEN BURU'),
(8105, 81, 'KABUPATEN KEPULAUAN ARU'),
(8106, 81, 'KABUPATEN SERAM BAGIAN BARAT'),
(8107, 81, 'KABUPATEN SERAM BAGIAN TIMUR'),
(8108, 81, 'KABUPATEN MALUKU BARAT DAYA'),
(8109, 81, 'KABUPATEN BURU SELATAN'),
(8171, 81, 'KOTA AMBON'),
(8172, 81, 'KOTA TUAL'),
(8201, 82, 'KABUPATEN HALMAHERA BARAT'),
(8202, 82, 'KABUPATEN HALMAHERA TENGAH'),
(8203, 82, 'KABUPATEN KEPULAUAN SULA'),
(8204, 82, 'KABUPATEN HALMAHERA SELATAN'),
(8205, 82, 'KABUPATEN HALMAHERA UTARA'),
(8206, 82, 'KABUPATEN HALMAHERA TIMUR'),
(8207, 82, 'KABUPATEN PULAU MOROTAI'),
(8208, 82, 'KABUPATEN PULAU TALIABU'),
(8271, 82, 'KOTA TERNATE'),
(8272, 82, 'KOTA TIDORE KEPULAUAN'),
(9101, 91, 'KABUPATEN FAKFAK'),
(9102, 91, 'KABUPATEN KAIMANA'),
(9103, 91, 'KABUPATEN TELUK WONDAMA'),
(9104, 91, 'KABUPATEN TELUK BINTUNI'),
(9105, 91, 'KABUPATEN MANOKWARI'),
(9106, 91, 'KABUPATEN SORONG SELATAN'),
(9107, 91, 'KABUPATEN SORONG'),
(9108, 91, 'KABUPATEN RAJA AMPAT'),
(9109, 91, 'KABUPATEN TAMBRAUW'),
(9110, 91, 'KABUPATEN MAYBRAT'),
(9111, 91, 'KABUPATEN MANOKWARI SELATAN'),
(9112, 91, 'KABUPATEN PEGUNUNGAN ARFAK'),
(9171, 91, 'KOTA SORONG'),
(9401, 94, 'KABUPATEN MERAUKE'),
(9402, 94, 'KABUPATEN JAYAWIJAYA'),
(9403, 94, 'KABUPATEN JAYAPURA'),
(9404, 94, 'KABUPATEN NABIRE'),
(9408, 94, 'KABUPATEN KEPULAUAN YAPEN'),
(9409, 94, 'KABUPATEN BIAK NUMFOR'),
(9410, 94, 'KABUPATEN PANIAI'),
(9411, 94, 'KABUPATEN PUNCAK JAYA'),
(9412, 94, 'KABUPATEN MIMIKA'),
(9413, 94, 'KABUPATEN BOVEN DIGOEL'),
(9414, 94, 'KABUPATEN MAPPI'),
(9415, 94, 'KABUPATEN ASMAT'),
(9416, 94, 'KABUPATEN YAHUKIMO'),
(9417, 94, 'KABUPATEN PEGUNUNGAN BINTANG'),
(9418, 94, 'KABUPATEN TOLIKARA'),
(9419, 94, 'KABUPATEN SARMI'),
(9420, 94, 'KABUPATEN KEEROM'),
(9426, 94, 'KABUPATEN WAROPEN'),
(9427, 94, 'KABUPATEN SUPIORI'),
(9428, 94, 'KABUPATEN MAMBERAMO RAYA'),
(9429, 94, 'KABUPATEN NDUGA'),
(9430, 94, 'KABUPATEN LANNY JAYA'),
(9431, 94, 'KABUPATEN MAMBERAMO TENGAH'),
(9432, 94, 'KABUPATEN YALIMO'),
(9433, 94, 'KABUPATEN PUNCAK'),
(9434, 94, 'KABUPATEN DOGIYAI'),
(9435, 94, 'KABUPATEN INTAN JAYA'),
(9436, 94, 'KABUPATEN DEIYAI'),
(9471, 94, 'KOTA JAYAPURA');

-- --------------------------------------------------------

--
-- Struktur dari tabel `tbl_list_jurusan`
--

CREATE TABLE `tbl_list_jurusan` (
  `kode_jurusan` int(7) NOT NULL,
  `nama` varchar(30) NOT NULL
) ENGINE=InnoDB DEFAULT CHARSET=latin1;

--
-- Dumping data untuk tabel `tbl_list_jurusan`
--

INSERT INTO `tbl_list_jurusan` (`kode_jurusan`, `nama`) VALUES
(10001, 'ADMINISTRASI BISNIS'),
(10002, 'ADMINISTRASI FISKAL'),
(10003, 'ADMINISTRASI NEGARA'),
(10004, 'ADMINISTRASI NIAGA'),
(10005, 'ADMINISTRASI PENDIDIKAN'),
(10006, 'ADMINISTRASI PUBLIK'),
(10007, 'ADMINISTRASI RUMAH SAKIT'),
(10008, 'ADMNISTRASI PUBLIK'),
(10009, 'AGAMA DAN BUDAYA'),
(10010, 'AGAMA ISLAM'),
(10011, 'AGEN INTELIJEN'),
(10012, 'AGRIBINIS'),
(10013, 'AGRIBISNIS'),
(10014, 'AGRIBISNIS (PENYULUHAN)'),
(10015, 'AGRIBISNIS (SOSEK)'),
(10016, 'AGRIBISNIS PERIKANAN'),
(10017, 'AGRITEKNOLOGI'),
(10018, 'AGROBISNIS'),
(10019, 'AGROBISNIS PERIKANAN'),
(10020, 'AGROEKOTEKNOLOGI'),
(10021, 'AGROEKOTEKNOLOGI PERTANIAN'),
(10022, 'AGRONOMI'),
(10023, 'AGRONOMI DAN HORTIKULTURA'),
(10024, 'AGROTEKNOLOGI'),
(10025, 'AGROTEKNOLOGI (AGRONOMI)'),
(10026, 'AGROTEKNOLOGI (HAPPEN)'),
(10027, 'AGROTEKNOLOGI (ILMU TANAH)'),
(10028, 'AGROTEKNOLOGI (PEMULIAAN)'),
(10029, 'AGROTEKNOLOGI K. KAB. GAYO LUE'),
(10030, 'AGROTEKNOLOGI PERTANIAN'),
(10031, 'AHWAL AL SYAKHSHIYAH'),
(10032, 'AHWAL AL SYAKHSHIYYAH'),
(10033, 'AHWAL AL SYAKHSIYAH'),
(10034, 'AHWAL AL-SYAKHSHIYAH'),
(10035, 'AHWAL AL-SYAKHSHIYYAH'),
(10036, 'AHWAL SYAKHSHIYAH'),
(10037, 'AHWAL SYAKHSHIYYAH (HUKUM KELU'),
(10038, 'AKHLAK DAN TASAWUF'),
(10039, 'AKHLAK DAN TASAWUF (TASAWUF DA'),
(10040, 'AKHLAK TASAWUF'),
(10041, 'AKHLAQ DAN TASAWUF'),
(10042, 'AKHWAL ASY-SYAKHSIYAH'),
(10043, 'AKHWAL SYAKSIYAH'),
(10044, 'AKIDAH DAN FILSAFAT'),
(10045, 'AKIDAH FILSAFAT'),
(10046, 'AKOMODASI DAN KATERING'),
(10047, 'AKTUARIA'),
(10048, 'AKUAKULTUR'),
(10049, 'AKUNTANSI'),
(10050, 'AKUNTANSI K. BANYUWANGI'),
(10051, 'AKUNTANSI KEUANGAN PUBLIK'),
(10052, 'AKUNTANSI SYARI`AH'),
(10053, 'AKUNTANSI SYARI`AH '),
(10054, 'AKUNTANSI SYARIAH'),
(10055, 'AKUTANSI'),
(10056, 'AL AHWAL AL SYAKHSIYYAH (AS)'),
(10057, 'AL-AHWAL AL-SYAKHSHIYYAH'),
(10058, 'AL-AHWAL AL-SYAKHSIYAH (HUKUM '),
(10059, 'ALNOFRIZAL'),
(10060, 'ANALIS INTELIJEN'),
(10061, 'ANGKLUNG DAN MUSIK BAMBU'),
(10062, 'ANTROPOLOGI'),
(10063, 'ANTROPOLOGI BUDAYA'),
(10064, 'ANTROPOLOGI SOSIAL'),
(10065, 'AQIDAH DAN FILSAFAT ISLAM'),
(10066, 'AQIDAH FILSAFAT'),
(10067, 'ARIEF ARRACHMAN'),
(10068, 'ARKEOLOGI'),
(10069, 'ARSITEKTUR'),
(10070, 'ARSITEKTUR LANSEKAP'),
(10071, 'ASURANSI SYARIAH'),
(10072, 'AZIS RUMAKAT'),
(10073, 'BAHASA DAN KEBUDAYAAN KOREA'),
(10074, 'BAHASA DAN SASTRA'),
(10075, 'BAHASA DAN SASTRA ARAB'),
(10076, 'BAHASA DAN SASTRA INDONESIA'),
(10077, 'BAHASA DAN SASTRA INGGRIS'),
(10078, 'BAHASA DAN SENI'),
(10079, 'BAHASA INDONESIA'),
(10080, 'BAHASA INGGRIS'),
(10081, 'BAHASA KOREA'),
(10082, 'BAHASA MANDARIN'),
(10083, 'BIMBINGAN & KONSELING ISLAM'),
(10084, 'BIMBINGAN DAN KONSELING'),
(10085, 'BIMBINGAN DAN KONSELING  ISLAM'),
(10086, 'BIMBINGAN DAN KONSELING ISLAM'),
(10087, 'BIMBINGAN DAN KOSELING'),
(10088, 'BIMBINGAN DAN PENYULUHAN ISLAM'),
(10089, 'BIMBINGAN KONSELING'),
(10090, 'BIMBINGAN KONSELING ISLAM'),
(10091, 'BIMBINGAN KONSELING KRISTEN'),
(10092, 'BIMBINGAN PENYULUHAN ISLAM'),
(10093, 'BIO INFORMATIKA'),
(10094, 'BIO KEWIRAUSAHAAN'),
(10095, 'BIO MEDIS DAN REKAYASA HAYATI'),
(10096, 'BIO TEKNOLOGI'),
(10097, 'BIOKIMIA'),
(10098, 'BIOLOGI'),
(10099, 'BIOTEKNOLOGI'),
(10100, 'BISNIS'),
(10101, 'BISNIS DAN MANAJEMEN SYARIAH'),
(10102, 'BISNIS HOSPITALITI'),
(10103, 'BISNIS HOSPITALITY'),
(10104, 'BISNIS ISLAM'),
(10105, 'BISNIS MANAJEMEN'),
(10106, 'BISNIS MUSIK'),
(10107, 'BUDI DAYA PERAIRAN'),
(10108, 'BUDIDAYA PERAIRAN'),
(10109, 'BUDIDAYA PERAIRAN K. BANYUWANG'),
(10110, 'BUDIDAYA PERAIRAN K. SINTANG'),
(10111, 'BUDIDAYA PERIKANAN'),
(10112, 'BUDIDAYA PERKEBUNAN'),
(10113, 'DEPARTEMEN AKUNTANSI'),
(10114, 'DEPARTEMEN MANAJEMEN'),
(10115, 'DESAIN GRAFIS'),
(10116, 'DESAIN INTERIOR'),
(10117, 'DESAIN KOMUNIKASI VISUAL'),
(10118, 'DESAIN KOMUNIKASI VISUAL -'),
(10119, 'DESAIN PRODUK'),
(10120, 'DESTINASI PARAWISATA'),
(10121, 'DESTINASI PARIWISATA'),
(10122, 'DEWI NUGRAHENI'),
(10123, 'DHARMA ACARYA'),
(10124, 'DHARMA DUTA'),
(10125, 'DHARMA USADA'),
(10126, 'DIRASAT ISLAMIYAH'),
(10127, 'DMS PENDIDIKAN AGAMA ISLAM'),
(10128, 'DMS PENDIDIKAN GURU MADRASAH I'),
(10129, 'DOMINICUS SAVIOOKTARIANO WIDIA'),
(10130, 'EKNONOMI ISLAM'),
(10131, 'EKONOMI'),
(10132, 'EKONOMI & BISNIS'),
(10133, 'EKONOMI BUDDHIS'),
(10134, 'EKONOMI DAN BISNIS'),
(10135, 'EKONOMI DAN PEMBANGUNAN'),
(10136, 'EKONOMI DAN PERBANKAN ISLAM'),
(10137, 'EKONOMI ISLAM'),
(10138, 'EKONOMI PEMBANGUNAN'),
(10139, 'EKONOMI PEMBANGUNAN (KAMPUS PA'),
(10140, 'EKONOMI PERTANIAN'),
(10141, 'EKONOMI SUMBERDAYA DAN LINGKUN'),
(10142, 'EKONOMI SYARI`AH'),
(10143, 'EKONOMI SYARIâ????AH'),
(10144, 'EKONOMI SYARI??AH'),
(10145, 'EKONOMI SYARIAH'),
(10146, 'EKONOMI SYARI\'AH'),
(10147, 'EKONOMI SYARIAH '),
(10148, 'EKONOMI SYARIAH (EKONOMI ISLAM'),
(10149, 'EKONOMI SYARIAH (EKONOMI ISLAM'),
(10150, 'EKONOMI SYARIAH (ES)'),
(10151, 'EKONOMI SYARIAH (MANAJEMEN SYA'),
(10152, 'EKONOMI SYARIAH / EKONOMI ISLA'),
(10153, 'EKONOMIKA DAN BISNIS'),
(10154, 'ELEKTRONIKA DAN INSTRUMENTASI'),
(10155, 'ENTREPRENEURSHIP'),
(10156, 'ERNA FATMAWATI'),
(10157, 'ETNOMUSIKOLOGI'),
(10158, 'FADLI SYAHPUTRA'),
(10159, 'FAI'),
(10160, 'FAKULTAS  ADMINISTRASI'),
(10161, 'FAKULTAS AGAMA ISLAM'),
(10162, 'FAKULTAS BISNIS'),
(10163, 'FAKULTAS EKONOMI'),
(10164, 'FAKULTAS HUKUM'),
(10165, 'FAKULTAS HUMANIORA DAN BISNIS'),
(10166, 'FAKULTAS ILMU KEOLAHRAGAAN'),
(10167, 'FAKULTAS ILMU KOMPUTER'),
(10168, 'FAKULTAS ILMU PEMERINTAHAN DAN'),
(10169, 'FAKULTAS ILMU SOSIAL'),
(10170, 'FAKULTAS ILMU SOSIAL DAN ILMU '),
(10171, 'FAKULTAS KEDOKTERAN'),
(10172, 'FAKULTAS KEGURUAN DAN ILMU PEN'),
(10173, 'FAKULTAS PENDIDIKAN PSIKOLOGI'),
(10174, 'FAKULTAS PERTANIAN'),
(10175, 'FAKULTAS PETERNAKAN'),
(10176, 'FAKULTAS SAINS & TEKNOLOGI'),
(10177, 'FAKULTAS SOSIAL & HUMANIORA'),
(10178, 'FAKULTAS TEKNIK'),
(10179, 'FAKULTAS TEKNOLOGI DAN DESAIN'),
(10180, 'FALSAFAH DAN AGAMA'),
(10181, 'FARMASI'),
(10182, 'FARMASI KLINIS'),
(10183, 'FE'),
(10184, 'FERDA AYU SATRIANA'),
(10185, 'FIKOM'),
(10186, 'FIKRIANA KURNIATI ARIF'),
(10187, 'FILM'),
(10188, 'FILSAFAT'),
(10189, 'FILSAFAT AGAMA'),
(10190, 'FILSAFAT AGAMA / AKIDAH FILFAS'),
(10191, 'FILSAFAT AGAMA HINDU'),
(10192, 'FILSAFAT AGAMA KRISTEN'),
(10193, 'FILSAFAT HINDU'),
(10194, 'FILSAFAT KEILAHIAN'),
(10195, 'FISIKA'),
(10196, 'FISIOTERAPI'),
(10197, 'FISIPOL'),
(10198, 'FOTOGRAFI'),
(10199, 'GEOFISIKA'),
(10200, 'GEOGRAFI'),
(10201, 'GEOGRAFI DAN ILMU LINGKUNGAN'),
(10202, 'GEOLOGI'),
(10203, 'GILANG SUSALIT'),
(10204, 'GIZI'),
(10205, 'GIZI KESEHATAN'),
(10206, 'HIDROGRAFI'),
(10207, 'HIGIENE GIGI'),
(10208, 'HOSPITALITI DAN PARIWISATA'),
(10209, 'HOSPITALITY'),
(10210, 'HOSPITALITY DAN PARAWISATA'),
(10211, 'HOSPITALITY DAN PARIWISATA'),
(10212, 'HUBUNGAN INTERNASIONAL'),
(10213, 'HUBUNGAN INTERNATIONAL'),
(10214, 'HUBUNGAN MASYARAKAT'),
(10215, 'HUKUM'),
(10216, 'HUKUM  PIDANA/JINAYAH'),
(10217, 'HUKUM ACARA PERADILAN DAN KEKE'),
(10218, 'HUKUM ADAT'),
(10219, 'HUKUM ADMINISTRASI NEGARA'),
(10220, 'HUKUM AGAMA HINDU'),
(10221, 'HUKUM BISNIS'),
(10222, 'HUKUM BISNIS SYARIAH'),
(10223, 'HUKUM EKONOMI SYARI`AH'),
(10224, 'HUKUM EKONOMI SYARI`AH (MU`AMA'),
(10225, 'HUKUM EKONOMI SYARI??AH (MU??A'),
(10226, 'HUKUM EKONOMI SYARIAH'),
(10227, 'HUKUM EKONOMI SYARI\'AH'),
(10228, 'HUKUM EKONOMI SYARIAH (MUAMALA'),
(10229, 'HUKUM EKONOMI SYARI\'AH (MUAMAL'),
(10230, 'HUKUM EKONOMI SYARI\'AH (MU\'AMA'),
(10231, 'HUKUM EKONOMI SYARIAH / MUALAM'),
(10232, 'HUKUM EKONOMI SYARIAH(MU??AMAL'),
(10233, 'HUKUM EKONOMI SYARIAH/MUAMALAH'),
(10234, 'HUKUM EKONOMI SYARIAHA (MUAMAL'),
(10235, 'HUKUM HINDU'),
(10236, 'HUKUM ISLAM'),
(10237, 'HUKUM KELUARGA'),
(10238, 'HUKUM KELUARGA (AHWAL AL SYAKH'),
(10239, 'HUKUM KELUARGA (AHWAL AL SYAKH'),
(10240, 'HUKUM KELUARGA (AHWAL AL-SYAKH'),
(10241, 'HUKUM KELUARGA (AHWAL AL-SYAKH'),
(10242, 'HUKUM KELUARGA (AHWAL ASYA SYA'),
(10243, 'HUKUM KELUARGA (AHWAL SYAKHSHI'),
(10244, 'HUKUM KELUARGA (AHWAL SYAKHSIY'),
(10245, 'HUKUM KELUARGA (AHWALUS SYAKHS'),
(10246, 'HUKUM KELUARGA (AKHWAL ASY-SYA'),
(10247, 'HUKUM KELUARGA (AKHWAL SYAHSIY'),
(10248, 'HUKUM KELUARGA (AKHWAL SYAHSIY'),
(10249, 'HUKUM KELUARGA (AKHWAL SYAKSIY'),
(10250, 'HUKUM KELUARGA (AL- AHWAL ASY-'),
(10251, 'HUKUM KELUARGA (AL-AHWAL ASY-S'),
(10252, 'HUKUM KELUARGA [AHWAL AL SYAKH'),
(10253, 'HUKUM KELUARGA ISLAM'),
(10254, 'HUKUM KELUARGA ISLAM (AHWAL AL'),
(10255, 'HUKUM KELUARGA ISLAM (AHWAL SY'),
(10256, 'HUKUM KELUARGA ISLAM (AHWAL SY'),
(10257, 'HUKUM KELUARGA ISLAM/AHWAL AL-'),
(10258, 'HUKUM KELUARHA (AHWAL AL SYAKH'),
(10259, 'HUKUM PIDANA DAN KETATANEGARAA'),
(10260, 'HUKUM PIDANA ISLAM'),
(10261, 'HUKUM PIDANA ISLAM (JINAYAH SI'),
(10262, 'HUKUM PIDANA ISLAM (JINAYAH)'),
(10263, 'HUKUM TATA NEGARA'),
(10264, 'HUKUM TATA NEGARA (SIYASAH)'),
(10265, 'HUKUM TATA NEGARA/POLITIK ISLA'),
(10266, 'HUKUM TATANEGARA (SIYASAH)'),
(10267, 'HUKUM TATANEGARA (SYIASAH)'),
(10268, 'HUKUM TATANEGARA ISLAM (SIYASA'),
(10269, 'HUKUM TATANEGARA ISLAM (SIYASA'),
(10270, 'HUKUM TATANEGERA (SIYASAH)'),
(10271, 'HUMANIORA'),
(10272, 'IAIN AMBON'),
(10273, 'ILLMU KELAUATAN'),
(10274, 'ILMU ADMINISTRASI'),
(10275, 'ILMU ADMINISTRASI BISNIS'),
(10276, 'ILMU ADMINISTRASI FISKAL'),
(10277, 'ILMU ADMINISTRASI NEGARA'),
(10278, 'ILMU ADMINISTRASI NIAGA'),
(10279, 'ILMU ADMINISTRASI PERPAJAKAN'),
(10280, 'ILMU ADMINISTRASI PUBLIK'),
(10281, 'ILMU ADMINITRASI NIAGA'),
(10282, 'ILMU AGAMA ISLAM'),
(10283, 'ILMU AKIDAH'),
(10284, 'ILMU AL QURAN DAN TAFSIR'),
(10285, 'ILMU AL QURAN DAN TAFSIR (TAFS'),
(10286, 'ILMU AL-QUR`AN DAN TAFSIR'),
(10287, 'ILMU AL-QUR`AN DAN TAFSIR '),
(10288, 'ILMU AL-QUR??AN DAN TAFSIR'),
(10289, 'ILMU ALQURAN DAN TAFSIR'),
(10290, 'ILMU ALQUR\'AN DAN TAFSIR'),
(10291, 'ILMU AL-QURAN DAN TAFSIR'),
(10292, 'ILMU AL-QUR\'AN DAN TAFSIR'),
(10293, 'ILMU AL-QURAN DAN TAFSIR (PROG'),
(10294, 'ILMU AL-QURAN DAN TAFSIR (TAFS'),
(10295, 'ILMU AL-QUR\'AN DANTAFSIR'),
(10296, 'ILMU AQIDAH'),
(10297, 'ILMU BAHASA KOREA'),
(10298, 'ILMU BUDAYA'),
(10299, 'ILMU DAKWAH'),
(10300, 'ILMU DAN INDUSTRI PETERNAKAN'),
(10301, 'ILMU DAN TEKNOLOGI LINGKUNGAN'),
(10302, 'ILMU DAN TEKNOLOGI PANGAN'),
(10303, 'ILMU EKONOMI'),
(10304, 'ILMU EKONOMI DAN KEUANGAN ISLA'),
(10305, 'ILMU FALAK'),
(10306, 'ILMU FALAQ'),
(10307, 'ILMU FILSAFAT'),
(10308, 'ILMU FILSAFAT HINDU'),
(10309, 'ILMU GIZI'),
(10310, 'ILMU HADIS'),
(10311, 'ILMU HADIST'),
(10312, 'ILMU HADIST (TAFSIR HADIS)'),
(10313, 'ILMU HADITS'),
(10314, 'ILMU HUBUNGAN INTERNASIONAL'),
(10315, 'ILMU HUKUM'),
(10316, 'ILMU INFORMASI DAN PERPUSTAKAA'),
(10317, 'ILMU KEGURUAN DAN ILMU PENDIDI'),
(10318, 'ILMU KELAUTAN'),
(10319, 'ILMU KEOLAHRAGAAN'),
(10320, 'ILMU KEPERAWATAN'),
(10321, 'ILMU KEPOLISIAN'),
(10322, 'ILMU KESEHATAN'),
(10323, 'ILMU KESEHATAN MASYARAKAT'),
(10324, 'ILMU KESEJAHTERAAN SOSIAL'),
(10325, 'ILMU KOMPUTASI'),
(10326, 'ILMU KOMPUTER'),
(10327, 'ILMU KOMUNIKASI'),
(10328, 'ILMU LINGKUNGAN'),
(10329, 'ILMU PANGAN HALAL'),
(10330, 'ILMU PEMERINTAHAN'),
(10331, 'ILMU PENDIDIKAN'),
(10332, 'ILMU PENDIDIKAN AGAMA ISLAM'),
(10333, 'ILMU PENDIDIKAN TEOLOGI'),
(10334, 'ILMU PENDIDIKAN THEOLOGI'),
(10335, 'ILMU PERPUSTAKAAN'),
(10336, 'ILMU PERPUSTAKAAN ISLAM'),
(10337, 'ILMU POLITIK'),
(10338, 'ILMU SEJARAH'),
(10339, 'ILMU SISTEM INFORMASI'),
(10340, 'ILMU SOSIAL DAN ILMU POLITIK'),
(10341, 'ILMU SOSIAL DAN POLITIK'),
(10342, 'ILMU SOSIATRI'),
(10343, 'ILMU TANAH'),
(10344, 'ILMU TASAWUF'),
(10345, 'ILMU TEKNOLOGI PANGAN'),
(10346, 'ILMU TEOLOGI'),
(10347, 'INDUSTRI PERJALANAN'),
(10348, 'INDUSTRI PERJALANAN WISATA'),
(10349, 'INFORMASI'),
(10350, 'INFORMATIKA'),
(10351, 'INSTRUMENTASI'),
(10352, 'JINAYAH SIYASAH'),
(10353, 'JURNALISTIK'),
(10354, 'JURUSAN BAHASA INGGRIS'),
(10355, 'JURUSAN DAKWAH'),
(10356, 'JURUSAN TARBIYAH'),
(10357, 'KARTOGRAFI DAN PENGINDERAAN JA'),
(10358, 'KEAMANAN SISTEM INFORMASI'),
(10359, 'KEBIDANAN'),
(10360, 'KEBIJAKAN PENDIDIKAN'),
(10361, 'KEDOKTERAN'),
(10362, 'KEDOKTERAN GIGI'),
(10363, 'KEDOKTERAN HEWAN'),
(10364, 'KEDOKTERAN HEWAN K. BANYUWANGI'),
(10365, 'KEGURUAN DAN ILMU PENDIDIKAN'),
(10366, 'KEHUTANAN'),
(10367, 'KEHUTANAN (BUDIDAYA HUTAN)'),
(10368, 'KEHUTANAN (KONSERVASI SD HUTAN'),
(10369, 'KEHUTANAN (MANAJEMEN HUTAN)'),
(10370, 'KEHUTANAN (TEK HASIL HUTAN)'),
(10371, 'KEHUTANAN K. KAB. GAYO LUES'),
(10372, 'KEPANDITAAN'),
(10373, 'KEPELATIHAN OLAH RAGA'),
(10374, 'KEPELATIHAN OLAHRAGA'),
(10375, 'KEPEMIMPINAN KRISTEN'),
(10376, 'KEPENDETAAN'),
(10377, 'KEPENDIDIKAN ISLAM'),
(10378, 'KEPENYULUHAN'),
(10379, 'KEPERAWATAN'),
(10380, 'KESEHATAN AYUR WEDA'),
(10381, 'KESEHATAN DAN KESELAMATAN KERJ'),
(10382, 'KESEHATAN LINGKUNGAN'),
(10383, 'KESEHATAN MASYARAKAT'),
(10384, 'KESEHATAN MASYARAKAT K. BANYUW'),
(10385, 'KESEHATAN MASYARAKAT K. SINTAN'),
(10386, 'KESEHATAN MASYARKAT'),
(10387, 'KESEJAHTERAAN SOSIAL'),
(10388, 'KETATALAKSANAAN PELAYARAN NIAG'),
(10389, 'KETEKNIKAN PERTANIAN'),
(10390, 'KETUA JURUSAN'),
(10391, 'KETUA PROGRAM STUDI'),
(10392, 'KEUANGAN DAN PERBANKAN SYARI`A'),
(10393, 'KEUANGAN DAN PERBANKAN SYARIAH'),
(10394, 'KEUANGAN SYARI\'AH'),
(10395, 'KEWARGANEGARAAN'),
(10396, 'KEWIRAUSAHAAN'),
(10397, 'KIMIA'),
(10398, 'KIP'),
(10399, 'KOMUNIKASI'),
(10400, 'KOMUNIKASI DAN PENYIARAN ISLAM'),
(10401, 'KOMUNIKASI DAN PENYIARAN ISLAM'),
(10402, 'KOMUNIKASI DAN PENYIARAN ISLAM'),
(10403, 'KOMUNIKASI HINDU'),
(10404, 'KOMUNIKASI PENYIARAN ISLAM'),
(10405, 'KOMUNIKASIKASI DAN PENYIARAN I'),
(10406, 'KONSERVASI SUMBERDAYA HUTAN DA'),
(10407, 'KRIMINOLOGI'),
(10408, 'KRIYA'),
(10409, 'KRIYA SENI'),
(10410, 'MANAGEMEN DAN KEBIJAKAN PUBLIK'),
(10411, 'MANAJEMEN'),
(10412, 'MANAJEMEN (KAMPUS PAYAKUMBUH)'),
(10413, 'MANAJEMEN ADMINISTRASI PERKANT'),
(10414, 'MANAJEMEN BISNIS'),
(10415, 'MANAJEMEN BISNIS SYARIAH'),
(10416, 'MANAJEMEN DAKWAH'),
(10417, 'MANAJEMEN DAKWAH (MD)'),
(10418, 'MANAJEMEN EKONOMI PUBLIK'),
(10419, 'MANAJEMEN INDUSTRI KATERING'),
(10420, 'MANAJEMEN INFORMASI KESEHATAN'),
(10421, 'MANAJEMEN INFORMATIKA'),
(10422, 'MANAJEMEN K. KAB. GAYO LUES'),
(10423, 'MANAJEMEN K. SINTANG'),
(10424, 'MANAJEMEN KEBIJAKAN PUBLIK'),
(10425, 'MANAJEMEN KEPELABUHAN DAN PELA'),
(10426, 'MANAJEMEN KEUANGAN DAN PERBANK'),
(10427, 'MANAJEMEN KEUANGAN SYARIAH'),
(10428, 'MANAJEMEN KOMUNIKASI'),
(10429, 'MANAJEMEN LOGISTIK'),
(10430, 'MANAJEMEN PEMASARAN PARIWISATA'),
(10431, 'MANAJEMEN PEMBANGUNAN DAERAH'),
(10432, 'MANAJEMEN PENDIDIKAN'),
(10433, 'MANAJEMEN PENDIDIKAN ISLAM'),
(10434, 'MANAJEMEN PENDIDIKAN ISLAM '),
(10435, 'MANAJEMEN PENDIDIKAN ISLAM (KE'),
(10436, 'MANAJEMEN PENDIDIKAN ISLAM/KEP'),
(10437, 'MANAJEMEN PERBANKAN SYARI`AH'),
(10438, 'MANAJEMEN PERHOTELAN DAN PARIW'),
(10439, 'MANAJEMEN REKAYASA'),
(10440, 'MANAJEMEN RESORT DAN LEISURE'),
(10441, 'MANAJEMEN SUMBER DAYA AKUATIK'),
(10442, 'MANAJEMEN SUMBER DAYA HASIL PE'),
(10443, 'MANAJEMEN SUMBER DAYA MANUSIA'),
(10444, 'MANAJEMEN SUMBER DAYA PERAIRAN'),
(10445, 'MANAJEMEN SUMBER DAYA PERIKANA'),
(10446, 'MANAJEMEN SUMBER PERAIRAN'),
(10447, 'MANAJEMEN SUMBERDAYA PERAIRAN'),
(10448, 'MANAJEMEN SUMBERDAYA PESISIR'),
(10449, 'MANAJEMEN SYARI`AH'),
(10450, 'MANAJEMEN TRANSPORTASI'),
(10451, 'MANAJEMEN ZAKAT DAN WAKAF '),
(10452, 'MARYAM QURRATU\'AINI'),
(10453, 'MATEMATIKA'),
(10454, 'MATEMATIKA DAN ILMU PENGETAHUA'),
(10455, 'MEKANISASI PERTANIAN'),
(10456, 'METALURGI'),
(10457, 'METEOROLOGI TERAPAN'),
(10458, 'MIKROBIOLOGI PERTANIAN'),
(10459, 'MIPA'),
(10460, 'MIPA FARMASI'),
(10461, 'MISIOLOGI'),
(10462, 'MUAMALAH'),
(10463, 'MUAMALAH (MU)'),
(10464, 'MUAMALAT'),
(10465, 'MU\'AMALAT (SYARI\'AH)'),
(10466, 'MUHAMAD YUSUF'),
(10467, 'MUSIK GEREJA'),
(10468, 'MUSIK GEREJAWI'),
(10469, 'MUSIK NUSANTARA'),
(10470, 'MUSYAFA ULLAH'),
(10471, 'NOVIALDI'),
(10472, 'NUTRISI & TEKNOLOGI PAKAN'),
(10473, 'PANGAN DAN NUTRISI'),
(10474, 'PARIWISATA'),
(10475, 'PARIWISATA BUDAYA HINDU'),
(10476, 'PASCA SARJANA'),
(10477, 'PASCASARJANA'),
(10478, 'PASTORAL KONSELING'),
(10479, 'PELAYANAN PASTORAL'),
(10480, 'PEMANFAATAN SUMBER DAYA PERAIR'),
(10481, 'PEMANFAATAN SUMBER DAYA PERIKA'),
(10482, 'PEMANFAATAN SUMBERDAYA PERIKAN'),
(10483, 'PEMBANGUNAN SOSIAL DAN KESEJAH'),
(10484, 'PEMBANGUNAN WILAYAH'),
(10485, 'PEMIKIRAN POLITIK ISLAM'),
(10486, 'PENDDIKAN EKONOMI'),
(10487, 'PENDIDFIKAN FISIKA'),
(10488, 'PENDIDIKAN'),
(10489, 'PENDIDIKAN  BAHASA INGGRIS'),
(10490, 'PENDIDIKAN  IPA'),
(10491, 'PENDIDIKAN ADIMISTRASI PERKANT'),
(10492, 'PENDIDIKAN ADMINISTRASI PERKAN'),
(10493, 'PENDIDIKAN AGAMA BUDDHA'),
(10494, 'PENDIDIKAN AGAMA HINDU'),
(10495, 'PENDIDIKAN AGAMA ISLAM'),
(10496, 'PENDIDIKAN AGAMA ISLAM '),
(10497, 'PENDIDIKAN AGAMA ISLAM (PAI)'),
(10498, 'PENDIDIKAN AGAMA KRISTEN'),
(10499, 'PENDIDIKAN AGAMA KRISTEN -'),
(10500, 'PENDIDIKAN AKUNTANSI'),
(10501, 'PENDIDIKAN ANAK USIA DINI'),
(10502, 'PENDIDIKAN ANAK USIA DINI BUDD'),
(10503, 'PENDIDIKAN ANTROPOLOGI'),
(10504, 'PENDIDIKAN APOTEKER'),
(10505, 'PENDIDIKAN BAHASA ARAB'),
(10506, 'PENDIDIKAN BAHASA ARAB '),
(10507, 'PENDIDIKAN BAHASA ARAB (PBA)'),
(10508, 'PENDIDIKAN BAHASA ARAB DAN DAK'),
(10509, 'PENDIDIKAN BAHASA ASING (INGGR'),
(10510, 'PENDIDIKAN BAHASA BALI'),
(10511, 'PENDIDIKAN BAHASA DAERAH'),
(10512, 'PENDIDIKAN BAHASA DAN SASTRA A'),
(10513, 'PENDIDIKAN BAHASA DAN SASTRA D'),
(10514, 'PENDIDIKAN BAHASA DAN SASTRA I'),
(10515, 'PENDIDIKAN BAHASA DAN SASTRA I'),
(10516, 'PENDIDIKAN BAHASA DAN SASTRA J'),
(10517, 'PENDIDIKAN BAHASA INDONESIA'),
(10518, 'PENDIDIKAN BAHASA INDONESIA DA'),
(10519, 'PENDIDIKAN BAHASA INGGRIS'),
(10520, 'PENDIDIKAN BAHASA JAWA'),
(10521, 'PENDIDIKAN BAHASA JEPANG'),
(10522, 'PENDIDIKAN BAHASA JERMAN'),
(10523, 'PENDIDIKAN BAHASA KOREA'),
(10524, 'PENDIDIKAN BAHASA MANDARIN'),
(10525, 'PENDIDIKAN BAHASA PERANCIS'),
(10526, 'PENDIDIKAN BAHSA DAN SASTRA IN'),
(10527, 'PENDIDIKAN BIDAN'),
(10528, 'PENDIDIKAN BIMBINGAN DAN KONSE'),
(10529, 'PENDIDIKAN BIOLOGI'),
(10530, 'PENDIDIKAN BIOLOGI K. KAB. GAY'),
(10531, 'PENDIDIKAN CALON PENDIDIK AKAD'),
(10532, 'PENDIDIKAN DAN PENGAJARAN AGAM'),
(10533, 'PENDIDIKAN DOKTER'),
(10534, 'PENDIDIKAN DOKTER GIGI'),
(10535, 'PENDIDIKAN DOKTER HEWAN'),
(10536, 'PENDIDIKAN EKONOMI'),
(10537, 'PENDIDIKAN FISIKA'),
(10538, 'PENDIDIKAN GEOGRAFI'),
(10539, 'PENDIDIKAN GURU AGAMA'),
(10540, 'PENDIDIKAN GURU AGAMA HINDU'),
(10541, 'PENDIDIKAN GURU MADRASAH IBTID'),
(10542, 'PENDIDIKAN GURU MADRASAH IBTID'),
(10543, 'PENDIDIKAN GURU MADRASAH IBTID'),
(10544, 'PENDIDIKAN GURU MADRASAH IBTID'),
(10545, 'PENDIDIKAN GURU MADRASAH IBTID'),
(10546, 'PENDIDIKAN GURU MADRASAH IBTID'),
(10547, 'PENDIDIKAN GURU MADRASAH IDTID'),
(10548, 'PENDIDIKAN GURU MADRASAH RAUDH'),
(10549, 'PENDIDIKAN GURU PENDIDIKAN ANA'),
(10550, 'PENDIDIKAN GURU PENDIDIKAN ANA'),
(10551, 'PENDIDIKAN GURU PENDIDIKAN ANA'),
(10552, 'PENDIDIKAN GURU PENDIDIKAN ANA'),
(10553, 'PENDIDIKAN GURU RADHATUL ATHFA'),
(10554, 'PENDIDIKAN GURU RAUDHATUL  ATH'),
(10555, 'PENDIDIKAN GURU RAUDHATUL ATFH'),
(10556, 'PENDIDIKAN GURU RAUDHATUL ATFH'),
(10557, 'PENDIDIKAN GURU RAUDHATUL ATHF'),
(10558, 'PENDIDIKAN GURU RAUDHATUL ATHF'),
(10559, 'PENDIDIKAN GURU RAUDHATUL ATHF'),
(10560, 'PENDIDIKAN GURU RAUDHATUL ATHF'),
(10561, 'PENDIDIKAN GURU RAUDLATUL ATHF'),
(10562, 'PENDIDIKAN GURU ROUDHOTUL ATHF'),
(10563, 'PENDIDIKAN GURU SEKOLAH DASAR'),
(10564, 'PENDIDIKAN GURU SEKOLAH DASAR '),
(10565, 'PENDIDIKAN GURU SEKOLAH DASAR '),
(10566, 'PENDIDIKAN ILMU KOMPUTER'),
(10567, 'PENDIDIKAN ILMU PENDIDIKAN SOS'),
(10568, 'PENDIDIKAN ILMU PENGETAHUAN AL'),
(10569, 'PENDIDIKAN ILMU PENGETAHUAN SO'),
(10570, 'PENDIDIKAN INFORMATIKA'),
(10571, 'PENDIDIKAN IPA'),
(10572, 'PENDIDIKAN IPS'),
(10573, 'PENDIDIKAN ISLAM'),
(10574, 'PENDIDIKAN ISLAM ANAK USIA DIN'),
(10575, 'PENDIDIKAN ISLAM ANAK USIA DIN'),
(10576, 'PENDIDIKAN JASMANI DAN KESEHAT'),
(10577, 'PENDIDIKAN JASMANI KESEHATAN &'),
(10578, 'PENDIDIKAN JASMANI KESEHATAN D'),
(10579, 'PENDIDIKAN JASMANI KESEHATAN D'),
(10580, 'PENDIDIKAN KEAGAMAAN ISLAM'),
(10581, 'PENDIDIKAN KEPELATIHAN OLAHRAG'),
(10582, 'PENDIDIKAN KESEJAHTERAAN KELUA'),
(10583, 'PENDIDIKAN KHUSUS'),
(10584, 'PENDIDIKAN KIMIA'),
(10585, 'PENDIDIKAN KOPERASI'),
(10586, 'PENDIDIKAN LUAR BIASA'),
(10587, 'PENDIDIKAN LUAR SEKOLAH'),
(10588, 'PENDIDIKAN MANAJEMEN BISNIS'),
(10589, 'PENDIDIKAN MANAJEMEN PERKANTOR'),
(10590, 'PENDIDIKAN MATEMATIKA'),
(10591, 'PENDIDIKAN MATEMATIKA - S1'),
(10592, 'PENDIDIKAN MUSIK'),
(10593, 'PENDIDIKAN MUSIK GEREJA'),
(10594, 'PENDIDIKAN OLAH RAGA'),
(10595, 'PENDIDIKAN OLAHRAGA'),
(10596, 'PENDIDIKAN OLAHRAGA DAN KESEHA'),
(10597, 'PENDIDIKAN PANCASILA DAN KEWAR'),
(10598, 'PENDIDIKAN PANCASILA DAN KEWAR'),
(10599, 'PENDIDIKAN SAINS'),
(10600, 'PENDIDIKAN SEJARAH'),
(10601, 'PENDIDIKAN SEJARAH DAN SOSIOLO'),
(10602, 'PENDIDIKAN SENI DAN KEAGAMAAN'),
(10603, 'PENDIDIKAN SENI DRAMA TARI DAN'),
(10604, 'PENDIDIKAN SENI KARAWITAN AGAM'),
(10605, 'PENDIDIKAN SENI KERAJINAN'),
(10606, 'PENDIDIKAN SENI MUSIK'),
(10607, 'PENDIDIKAN SENI RUPA'),
(10608, 'PENDIDIKAN SENI RUPA DAN ORNAM'),
(10609, 'PENDIDIKAN SENI TARI'),
(10610, 'PENDIDIKAN SENI TARI DAN MUSIK'),
(10611, 'PENDIDIKAN SENI TARI KEAGAMAAN'),
(10612, 'PENDIDIKAN SOSIOLOGI'),
(10613, 'PENDIDIKAN SOSIOLOGI ANTROPOLO'),
(10614, 'PENDIDIKAN SOSIOLOGI DAN ANTRO'),
(10615, 'PENDIDIKAN TAT BUSANA'),
(10616, 'PENDIDIKAN TATA BOGA'),
(10617, 'PENDIDIKAN TATA BUSANA'),
(10618, 'PENDIDIKAN TATA NIAGA'),
(10619, 'PENDIDIKAN TATA RIAS'),
(10620, 'PENDIDIKAN TEKN. INFORMASI & K'),
(10621, 'PENDIDIKAN TEKNIK ARSITEKTUR'),
(10622, 'PENDIDIKAN TEKNIK BANGUNAN'),
(10623, 'PENDIDIKAN TEKNIK ELEKTRO'),
(10624, 'PENDIDIKAN TEKNIK ELEKTRONIKA'),
(10625, 'PENDIDIKAN TEKNIK INFORMATIKA'),
(10626, 'PENDIDIKAN TEKNIK INFORMATIKA '),
(10627, 'PENDIDIKAN TEKNIK INFORMATIKA '),
(10628, 'PENDIDIKAN TEKNIK KRIYA'),
(10629, 'PENDIDIKAN TEKNIK MEKATRONIKA'),
(10630, 'PENDIDIKAN TEKNIK MESIN'),
(10631, 'PENDIDIKAN TEKNIK OTOMOTIF'),
(10632, 'PENDIDIKAN TEKNIK SIPIL DANPER'),
(10633, 'PENDIDIKAN TEKNOLOGI AGROINDUS'),
(10634, 'PENDIDIKAN TEKNOLOGI INFORMAAS'),
(10635, 'PENDIDIKAN TEKNOLOGI INFORMASI'),
(10636, 'PENDIDIKAN TEKNOLOGI INFORMASI'),
(10637, 'PENDIDIKAN TEKNOLOGI INFORMATI'),
(10638, 'PENDIDIKAN TEKNOLOGI INFORMATI'),
(10639, 'PENDIDIKAN TEKNOLOGI PERTANIAN'),
(10640, 'PENDIDIKAN TEKNOLOGIO INFORMAT'),
(10641, 'PENDIDIKAN TEOLOGI'),
(10642, 'PENDIDKAN BIOLOGI'),
(10643, 'PENDIDKAN MATEMATIKA'),
(10644, 'PENDIDKAN TEKNIK OTOMOTIF'),
(10645, 'PENDIKAN LUAR SEKOLAH'),
(10646, 'PENERANGAN AGAMA HINDU'),
(10647, 'PENGEMBANGAN MASYARAKAT ISLAM'),
(10648, 'PENGOLAHAN HASIL PERIKANAN'),
(10649, 'PENYULUHAN DAN KOMUNIKASI PERT'),
(10650, 'PENYULUHAN PERTANIAN'),
(10651, 'PERBANDINGAN AGAMA'),
(10652, 'PERBANDINGAN AGAMA (ILMU RELIG'),
(10653, 'PERBANDINGAN MADZHAB'),
(10654, 'PERBANDINGAN MADZHAB DAN HUKUM'),
(10655, 'PERBANDINGAN MAHZAB DAN HUKUM'),
(10656, 'PERBANDINGAN MAZHAB'),
(10657, 'PERBANDINGAN MAZHAB DAN HUKUM'),
(10658, 'PERBANKAN ISLAM'),
(10659, 'PERBANKAN SUARIAH'),
(10660, 'PERBANKAN SYARI`AH'),
(10661, 'PERBANKAN SYARIâ????AH'),
(10662, 'PERBANKAN SYARI??AH'),
(10663, 'PERBANKAN SYARIAH'),
(10664, 'PERBANKAN SYARI\'AH'),
(10665, 'PERBANKAN SYARIAH '),
(10666, 'PERBANKAN SYARIAH (MANAJEMEN K'),
(10667, 'PERBANKAN SYARIAH (PS)'),
(10668, 'PERDATA DAN PIDANA ISLAM'),
(10669, 'PERENCANAAN WILAYAH DAN KOTA'),
(10670, 'PERGURUAN GURU RAUDHATUL ATHFA'),
(10671, 'PERIKANAN'),
(10672, 'PERIKANAN DAN  ILMU KELAUTAN'),
(10673, 'PERIKANAN DAN ILMU KELAUTAN'),
(10674, 'PERIKANAN DAN KELAUTAN'),
(10675, 'PERMOHONAN PENGHAPUSAN SATU DA'),
(10676, 'PERPAJAKAN'),
(10677, 'PERPUSTAKAAN'),
(10678, 'PERPUSTAKAAN DAN ILMU INFORMAS'),
(10679, 'PERPUSTAKAAN DAN INFORMASI'),
(10680, 'PERTAMANAN'),
(10681, 'PERTANIAN'),
(10682, 'PETERNAKAN'),
(10683, 'PETERNAKAN (SOSEK PETERNAKAN) '),
(10684, 'PETERNAKAN (TEK HASIL TERNAK) '),
(10685, 'PG PAUD'),
(10686, 'PG PENDIDIKAN ANAK USIA DINI'),
(10687, 'PGMI'),
(10688, 'PGMI/PGSD - S1'),
(10689, 'PGPAUD'),
(10690, 'PGPAUD KAMPUS CIBIRU'),
(10691, 'PGPAUD KAMPUS PURWAKARTA'),
(10692, 'PGPAUD KAMPUS SERANG'),
(10693, 'PGPAUD KAMPUS TASIKMALAYA'),
(10694, 'PGRA'),
(10695, 'PGSD'),
(10696, 'PGSD KAMPUS CIBIRU'),
(10697, 'PGSD KAMPUS PURWAKARTA'),
(10698, 'PGSD KAMPUS SERANG'),
(10699, 'PGSD KAMPUS SUMEDANG'),
(10700, 'PGSD KAMPUS TASIKMALAYA'),
(10701, 'PGSD PENDIDIKAN JASMANI'),
(10702, 'PGSD PENJAS KAMPUS SUMEDANG'),
(10703, 'PJJ AKUNTANSI'),
(10704, 'PJJ ILMU KOMUNIKASI'),
(10705, 'PJJ MANAJEMEN'),
(10706, 'PJJ PENDIDIKAN GURU SEKOLAH DA'),
(10707, 'PJJ SISTEM INFORMASI'),
(10708, 'PJJ TEKNIK INFORMATIKA'),
(10709, 'PLANOLOGI'),
(10710, 'POLITIK DAN PEMERINTAHAN'),
(10711, 'POLITIK ISLAM'),
(10712, 'PRAMU WISATA BUDAYA DAN AGAMA'),
(10713, 'PRODI BIMBINGAN KONSELING ISLA'),
(10714, 'PRODI ILMU KESEJAHTERAAN SOSIA'),
(10715, 'PRODI ILMU KOMUNIKASI'),
(10716, 'PRODI MANAJEMEN PENDIDIKAN ISL'),
(10717, 'PRODI PENDIDIKAN  BAHASA INGGR'),
(10718, 'PRODI PENDIDIKAN BAHASA ARAB'),
(10719, 'PRODI S1 FARMASI'),
(10720, 'PRODI TADRIS BIOLOGI'),
(10721, 'PRODI TADRIS MATEMATIKA'),
(10722, 'PRODI TEOLOGIA'),
(10723, 'PROGRAM HUKUM KELUARGA (AKHWAL'),
(10724, 'PROGRAM PASCASARJANA'),
(10725, 'PROGRAM STUDI EKONOMI SYARI`AH'),
(10726, 'PROGRAM STUDI PENDIDIKAN AGAMA'),
(10727, 'PROGRAM STUDI TEOLOGI'),
(10728, 'PROTEKSI TANAMAN'),
(10729, 'PS SISTEM INFORMASI'),
(10730, 'PSIKOLOGI'),
(10731, 'PSIKOLOGI BUDDHA'),
(10732, 'PSIKOLOGI ISLAM'),
(10733, 'PSIKOLOGI ISLAM '),
(10734, 'PSKGJ BIMBINGAN DAN KONSELING'),
(10735, 'PSKGJ BIMBINGAN KONSELING'),
(10736, 'PSKGJ ILMU PEND. KEKHUSUSAN PE'),
(10737, 'PSKGJ KURIKULUM DAN TEKNOLOGI '),
(10738, 'PSKGJ MANAJEMEN PENDIDIKAN'),
(10739, 'PSKGJ PENDIDIKAN ADMINISTRASI '),
(10740, 'PSKGJ PENDIDIKAN AGAMA HINDU'),
(10741, 'PSKGJ PENDIDIKAN AGAMA KRISTEN'),
(10742, 'PSKGJ PENDIDIKAN AKUNTANSI'),
(10743, 'PSKGJ PENDIDIKAN ANAK USIA DIN'),
(10744, 'PSKGJ PENDIDIKAN BAHASA ARAB'),
(10745, 'PSKGJ PENDIDIKAN BAHASA DAERAH'),
(10746, 'PSKGJ PENDIDIKAN BAHASA DAERAH'),
(10747, 'PSKGJ PENDIDIKAN BAHASA DAN SA'),
(10748, 'PSKGJ PENDIDIKAN BAHASA DAN SA'),
(10749, 'PSKGJ PENDIDIKAN BAHASA DAN SA'),
(10750, 'PSKGJ PENDIDIKAN BAHASA DAN SA'),
(10751, 'PSKGJ PENDIDIKAN BAHASA INDONE'),
(10752, 'PSKGJ PENDIDIKAN BAHASA INDONE'),
(10753, 'PSKGJ PENDIDIKAN BAHASA INDONE'),
(10754, 'PSKGJ PENDIDIKAN BAHASA INGGRI'),
(10755, 'PSKGJ PENDIDIKAN BAHASA JAWA'),
(10756, 'PSKGJ PENDIDIKAN BAHASA JEPANG'),
(10757, 'PSKGJ PENDIDIKAN BAHASA JERMAN'),
(10758, 'PSKGJ PENDIDIKAN BAHASA PERANC'),
(10759, 'PSKGJ PENDIDIKAN BAHASA SASTRA'),
(10760, 'PSKGJ PENDIDIKAN BIMBINGAN DAN'),
(10761, 'PSKGJ PENDIDIKAN BIOLOGI'),
(10762, 'PSKGJ PENDIDIKAN EKONOMI'),
(10763, 'PSKGJ PENDIDIKAN EKONOMI AKUNT'),
(10764, 'PSKGJ PENDIDIKAN EKONOMI DAN K'),
(10765, 'PSKGJ PENDIDIKAN EKONOMI KOPER'),
(10766, 'PSKGJ PENDIDIKAN EKONOMI/ TATA'),
(10767, 'PSKGJ PENDIDIKAN FISIKA'),
(10768, 'PSKGJ PENDIDIKAN GEOGRAFI'),
(10769, 'PSKGJ PENDIDIKAN GURU PENDIDIK'),
(10770, 'PSKGJ PENDIDIKAN GURU SEKOLAH '),
(10771, 'PSKGJ PENDIDIKAN GURU SEKOLAH '),
(10772, 'PSKGJ PENDIDIKAN KEPELATIHAN'),
(10773, 'PSKGJ PENDIDIKAN KEPELATIHAN O'),
(10774, 'PSKGJ PENDIDIKAN KESEJAHTERAAN'),
(10775, 'PSKGJ PENDIDIKAN KEWARGANEGARA'),
(10776, 'PSKGJ PENDIDIKAN KIMIA'),
(10777, 'PSKGJ PENDIDIKAN LUAR BIASA'),
(10778, 'PSKGJ PENDIDIKAN LUAR SEKOLAH'),
(10779, 'PSKGJ PENDIDIKAN LUAR SEKOLAH '),
(10780, 'PSKGJ PENDIDIKAN MATEMATIKA'),
(10781, 'PSKGJ PENDIDIKAN PANCASILA DAN'),
(10782, 'PSKGJ PENDIDIKAN PANCASILA DAN'),
(10783, 'PSKGJ PENDIDIKAN PELATIHAN DAN'),
(10784, 'PSKGJ PENDIDIKAN SASTRA INDONE'),
(10785, 'PSKGJ PENDIDIKAN SEJARAH'),
(10786, 'PSKGJ PENDIDIKAN SENDRATASIK'),
(10787, 'PSKGJ PENDIDIKAN SENI KERAJINA'),
(10788, 'PSKGJ PENDIDIKAN SENI MUSIK'),
(10789, 'PSKGJ PENDIDIKAN SENI MUSIK DA'),
(10790, 'PSKGJ PENDIDIKAN SENI RUPA'),
(10791, 'PSKGJ PENDIDIKAN SENI TARI'),
(10792, 'PSKGJ PENDIDIKAN SOSIOLOGI'),
(10793, 'PSKGJ PENDIDIKAN SOSIOLOGI ANT'),
(10794, 'PSKGJ PENDIDIKAN SOSIOLOGI DAN'),
(10795, 'PSKGJ PENDIDIKAN TATA BOGA'),
(10796, 'PSKGJ PENDIDIKAN TATA BUSANA'),
(10797, 'PSKGJ PENDIDIKAN TATA NIAGA'),
(10798, 'PSKGJ PENDIDIKAN TATA NIAGA (M'),
(10799, 'PSKGJ PENDIDIKAN TATA RIAS'),
(10800, 'PSKGJ PENDIDIKAN TEKNIK BANGUN'),
(10801, 'PSKGJ PENDIDIKAN TEKNIK BOGA'),
(10802, 'PSKGJ PENDIDIKAN TEKNIK BUSANA'),
(10803, 'PSKGJ PENDIDIKAN TEKNIK ELEKRO'),
(10804, 'PSKGJ PENDIDIKAN TEKNIK ELEKTR'),
(10805, 'PSKGJ PENDIDIKAN TEKNIK MESIN'),
(10806, 'PSKGJ PENDIDIKAN TEKNIK OTOMOT'),
(10807, 'PSKGJ PENDIDIKAN TEKNIK SIPIL '),
(10808, 'PSKGJ PPSKGJ PENDIDIKAN BAHASA'),
(10809, 'PSKGJ PSIKOLOGI PENDIDIKAN DAN'),
(10810, 'PSKGJ TEKNOLOGI PENDIDIKAN'),
(10811, 'REKAYASA HAYATI'),
(10812, 'REKAYASA INFRASTRUKTUR LINGKUN'),
(10813, 'REKAYASA KEHUTANAN'),
(10814, 'REKAYASA PERANGKAT LUNAK'),
(10815, 'REKAYASA PERTANIAN'),
(10816, 'SAINS DAN TEKNOLOGI'),
(10817, 'SARJANA TEOLOGI'),
(10818, 'SASTRA'),
(10819, 'SASTRA AGAMA DAN PENDIDIKAN BA'),
(10820, 'SASTRA ARAB'),
(10821, 'SASTRA BALI'),
(10822, 'SASTRA BATAK'),
(10823, 'SASTRA BELANDA'),
(10824, 'SASTRA CINA'),
(10825, 'SASTRA DAERAH'),
(10826, 'SASTRA INDONESIA'),
(10827, 'SASTRA INGGRIS'),
(10828, 'SASTRA JAWA'),
(10829, 'SASTRA JAWA KUNA'),
(10830, 'SASTRA JEPANG'),
(10831, 'SASTRA JERMAN'),
(10832, 'SASTRA KOREA'),
(10833, 'SASTRA MELAYU'),
(10834, 'SASTRA MINANGKABAU'),
(10835, 'SASTRA NUSANTARA'),
(10836, 'SASTRA PERANCIS'),
(10837, 'SASTRA RUSIA'),
(10838, 'SASTRA SUNDA'),
(10839, 'SEJARAH DAN KEBUDAYAAN  ISLAM'),
(10840, 'SEJARAH DAN KEBUDAYAAN ISLAM'),
(10841, 'SEJARAH DAN KEBUDAYAN ISLAM'),
(10842, 'SEJARAH DAN PERADABAN ISLAM'),
(10843, 'SEJARAH KEBUDAYAAN ISLAM'),
(10844, 'SEJARAH KEBUDAYAN ISLAM'),
(10845, 'SEJARAH PERADABAN ISLAM'),
(10846, 'SEKOLAH TINGGI AGAMA ISLAM BAH'),
(10847, 'SEKOLAH TINGGI ILMU ADMINISTRA'),
(10848, 'SEKOLAH TINGGI TEOLOGI INJIL B'),
(10849, 'SENI DRAMA TARI DAN MUSIK'),
(10850, 'SENI KARAWITAN'),
(10851, 'SENI KERAWITAN'),
(10852, 'SENI MURNI'),
(10853, 'SENI MUSIK'),
(10854, 'SENI PEDALANGAN'),
(10855, 'SENI PERTUNJUKAN'),
(10856, 'SENI RUPA MURNI'),
(10857, 'SENI TARI'),
(10858, 'SENI TEATER'),
(10859, 'SILVIKULTUR'),
(10860, 'SISTEM INFORMASI'),
(10861, 'SISTEM INFORMASI AKUNTANSI'),
(10862, 'SISTEM INFORMATIKA'),
(10863, 'SISTEM KOMPUTER'),
(10864, 'SISTEM KOMPUTER (SALAH KODE)'),
(10865, 'SISTEM MANAGEMEN SUMBERDAYA ST'),
(10866, 'SIYASAH'),
(10867, 'SMS PRODI KESMAS'),
(10868, 'SOSIAL EKONOMI PERIKANAN      '),
(10869, 'SOSIAL EKONOMI PERTANIAN'),
(10870, 'SOSIOLOGI'),
(10871, 'SOSIOLOGI AGAMA'),
(10872, 'STAI SEBELAS APRIL SUMEDANG'),
(10873, 'STATISTIK'),
(10874, 'STATISTIKA'),
(10875, 'STATISTIKA TERAPAN'),
(10876, 'STIS'),
(10877, 'STUDI HADITS'),
(10878, 'STUDI ISLAM'),
(10879, 'STUDI TEOLOGI'),
(10880, 'SUMBERDAYA AKUATIK'),
(10881, 'SYARIAH DAN EKONOMI ISLAM'),
(10882, 'TADRIS - BAHASA INGGRIS'),
(10883, 'TADRIS - ILMU PENGETAHUAN ALAM'),
(10884, 'TADRIS - ILMU PENGETAHUAN SOSI'),
(10885, 'TADRIS BAHASA INDONESIA'),
(10886, 'TADRIS BAHASA INGGRIS'),
(10887, 'TADRIS BAHASA INGGRIS (PENDIDI'),
(10888, 'TADRIS BAHASA INGGRIS (TBI)'),
(10889, 'TADRIS BIOLOGI'),
(10890, 'TADRIS BIOLOGI '),
(10891, 'TADRIS FISIKA'),
(10892, 'TADRIS ILMU PENGETAHUAN ALAM'),
(10893, 'TADRIS ILMU PENGETAHUAN SOSIAL'),
(10894, 'TADRIS ILMU PENGETAHUAN SOSIAL'),
(10895, 'TADRIS IPA'),
(10896, 'TADRIS IPA (BIOLOGI)'),
(10897, 'TADRIS IPS'),
(10898, 'TADRIS KIMIA'),
(10899, 'TADRIS MATEMATIKA'),
(10900, 'TAFSIR HADIS'),
(10901, 'TAFSIR HADIST'),
(10902, 'TAFSIR HADITS'),
(10903, 'TARBIYAH'),
(10904, 'TARBIYAH DAN KEGURUAN'),
(10905, 'TARJAMAH'),
(10906, 'TASAWUF PSIKOTERAPI'),
(10907, 'TEK DAN MAN PERIKANAN DAN BUDI'),
(10908, 'TEKNIK'),
(10909, 'TEKNIK ARSITEKTUR'),
(10910, 'TEKNIK BIOENERGI DAN KEMURGI'),
(10911, 'TEKNIK BIOMEDIK'),
(10912, 'TEKNIK BIOMEDIS'),
(10913, 'TEKNIK BIOPROSES'),
(10914, 'TEKNIK DAN PENGELOLAAN SUMBER '),
(10915, 'TEKNIK ELEKTRO'),
(10916, 'TEKNIK ENERGI'),
(10917, 'TEKNIK FARMASI'),
(10918, 'TEKNIK FISIKA'),
(10919, 'TEKNIK GEODESI'),
(10920, 'TEKNIK GEOFISIKA'),
(10921, 'TEKNIK GEOLOGI'),
(10922, 'TEKNIK INDUSTRI'),
(10923, 'TEKNIK INDUSTRI PERTANIAN'),
(10924, 'TEKNIK INFORMARMATIKA'),
(10925, 'TEKNIK INFORMATIKA'),
(10926, 'TEKNIK INFORMATIKA DAN KOMPUTE'),
(10927, 'TEKNIK KELAUTAN'),
(10928, 'TEKNIK KIMIA'),
(10929, 'TEKNIK KOMPUTER'),
(10930, 'TEKNIK LINGKUNGAN'),
(10931, 'TEKNIK LOGISTIK'),
(10932, 'TEKNIK MANAJEMEN INDUSTRI'),
(10933, 'TEKNIK MANUFAKTUR'),
(10934, 'TEKNIK MATERIAL'),
(10935, 'TEKNIK MATERIAL DAN METALURGI'),
(10936, 'TEKNIK MEKATRONIKA'),
(10937, 'TEKNIK MESIN'),
(10938, 'TEKNIK MESIN DAN BIOSISTEM'),
(10939, 'TEKNIK MESIN K. SINTANG'),
(10940, 'TEKNIK MESIN PERKAPALAN'),
(10941, 'TEKNIK METALURGI'),
(10942, 'TEKNIK MULTI MEDIA DAN JARINGA'),
(10943, 'TEKNIK MULTIMEDIA DAN JARINGAN'),
(10944, 'TEKNIK NUKLIR'),
(10945, 'TEKNIK PANGAN'),
(10946, 'TEKNIK PENERBANGAN'),
(10947, 'TEKNIK PENGAIRAN'),
(10948, 'TEKNIK PENYEHATAN LINGKUNGAN'),
(10949, 'TEKNIK PERANGKAT LUNAK'),
(10950, 'TEKNIK PERKAPALAN'),
(10951, 'TEKNIK PERMINYAKAN'),
(10952, 'TEKNIK PERTAMBANGAN'),
(10953, 'TEKNIK PERTANIAN'),
(10954, 'TEKNIK SIPIL'),
(10955, 'TEKNIK SIPIL DAN LINGKUNGAN'),
(10956, 'TEKNIK SISTEM PERKAPALAN'),
(10957, 'TEKNIK TELEKOMUNIKASI'),
(10958, 'TEKNK INDUSTRI'),
(10959, 'TEKNOBIOMEDIK'),
(10960, 'TEKNOLOGI BIOPROSES'),
(10961, 'TEKNOLOGI HASIL HUTAN'),
(10962, 'TEKNOLOGI HASIL PERAIRAN'),
(10963, 'TEKNOLOGI HASIL PERIKANAN'),
(10964, 'TEKNOLOGI HASIL PERTANIAN'),
(10965, 'TEKNOLOGI INDUSTRI'),
(10966, 'TEKNOLOGI INDUSTRI HASIL PERIK'),
(10967, 'TEKNOLOGI INDUSTRI PERTANIAN'),
(10968, 'TEKNOLOGI INFORMASI'),
(10969, 'TEKNOLOGI LABORATORIUM MEDIK'),
(10970, 'TEKNOLOGI PANGAN'),
(10971, 'TEKNOLOGI PASCA PANEN'),
(10972, 'TEKNOLOGI PENANGKAPAN IKAN'),
(10973, 'TEKNOLOGI PENDIDIKAN'),
(10974, 'TEKNOLOGI PENGOLAHAN HASIL PER'),
(10975, 'TEKNOLOGI PENGOLAHAN HASIL PER'),
(10976, 'TEKNOLOGI PERTANIAN'),
(10977, 'TEKNOLOGI PRODUKSI TERNAK'),
(10978, 'TEKONOLOGI PANGAN'),
(10979, 'TELEVISI DAN FILM'),
(10980, 'TEOLOGI'),
(10981, 'TEOLOGI (AKADEMIK)'),
(10982, 'TEOLOGI (KEPENDETAAN)'),
(10983, 'TEOLOGI AGAMA KRISTEN'),
(10984, 'TEOLOGI HINDU'),
(10985, 'TEOLOGI KEPENDETAAN'),
(10986, 'TEOLOGI KRISTEN PROTESTAN'),
(10987, 'TEOLOGI/KEPENDETAAN'),
(10988, 'TRADISI LISAN'),
(10989, 'TRANSPORTASI LAUT'),
(10990, 'USADHA AROGYA'),
(10991, 'USAHA PERJALANAN WISATA'),
(10992, 'WAHYUNINGSIH'),
(10993, 'YOGA DAN KESEHATAN'),
(10994, 'ZAINUL IKHWAN'),
(10995, 'ZAKAT DAN WAKAF');

-- --------------------------------------------------------

--
-- Struktur dari tabel `tbl_notif`
--

CREATE TABLE `tbl_notif` (
  `id_notif` int(11) NOT NULL,
  `tgl` date NOT NULL,
  `isi` text NOT NULL,
  `user_id` int(11) NOT NULL,
  `new` int(11) NOT NULL DEFAULT '1'
) ENGINE=InnoDB DEFAULT CHARSET=latin1;

--
-- Dumping data untuk tabel `tbl_notif`
--

INSERT INTO `tbl_notif` (`id_notif`, `tgl`, `isi`, `user_id`, `new`) VALUES
(1, '2017-05-29', '<b>memberbaru</b> telah mengusulkan tambahan data baru !! <a href=http://localhost/adpti/detail.php?id=137 target=blank class=text-warning>lihat?</a>', 10, 0),
(2, '2017-05-29', '<span class=text-danger><b>Admin</b> telah menolak usulan tambahan data <b><i>tex</i></b></span>', 15, 0),
(3, '2017-05-29', '<span class=text-danger><b>Admin</b> telah menolak usulan tambahan data <b><i>tesdua</i></b></span>', 1, 1),
(4, '2017-05-29', '<span class=text-danger><b>Admin</b> telah menolak usulan tambahan data <b><i>contoh</i></b></span>', 1, 1),
(5, '2017-05-29', '<span class=text-danger><b>Admin</b> telah menolak usulan tambahan data <b><i>messi</i></b></span>', 1, 1),
(6, '2017-05-29', '<span class=text-danger><b>Admin</b> telah menolak usulan tambahan data <b><i>UNIVERSITAS PADJAJARAN</i></b></span>', 1, 1),
(7, '2017-05-29', '<b>newmember</b> telah mengusulkan tambahan data baru !! <a href=http://localhost/adpti/detail.php?id=137 target=blank class=text-warning>lihat?</a>', 10, 0),
(8, '2017-05-29', '<span class=text-success><b>Admin</b> telah menerima usulan tambahan data anda !!</a> <a href=http://localhost/adpti/detail.php?id=137 target=blank class=text-warning>lihat?</a>', 16, 0),
(9, '2017-05-29', '<b>halim</b> telah mengusulkan tambahan data baru !! <a href=http://localhost/adpti/detail.php?id=138 target=blank class=text-warning>lihat?</a>', 10, 0),
(10, '2017-05-29', '<span class=text-success><b>Admin</b> telah menerima usulan tambahan data anda !!</a> <a href=http://localhost/adpti/detail.php?id=138 target=blank class=text-warning>lihat?</a>', 17, 1),
(11, '2017-05-29', '<b>Zyran</b> telah mengusulkan tambahan data baru !! <a href=http://localhost/adpti/detail.php?id=139 target=blank class=text-warning>lihat?</a>', 10, 0),
(12, '2017-05-30', '<b>memberbaru</b> telah mengusulkan tambahan data baru !! <a href=http://localhost/adpti/detail.php?id=140 target=blank class=text-warning>lihat?</a>', 10, 0),
(13, '2017-05-30', '<span class=text-success><b>Admin</b> telah menerima usulan tambahan data anda !!</a> <a href=http://localhost/adpti/detail.php?id=140 target=blank class=text-warning>lihat?</a>', 19, 0);

-- --------------------------------------------------------

--
-- Struktur dari tabel `tbl_provinsi`
--

CREATE TABLE `tbl_provinsi` (
  `id_provinsi` int(7) NOT NULL,
  `nama` varchar(30) NOT NULL
) ENGINE=InnoDB DEFAULT CHARSET=latin1;

--
-- Dumping data untuk tabel `tbl_provinsi`
--

INSERT INTO `tbl_provinsi` (`id_provinsi`, `nama`) VALUES
(11, 'ACEH'),
(12, 'SUMATERA UTARA'),
(13, 'SUMATERA BARAT'),
(14, 'RIAU'),
(15, 'JAMBI'),
(16, 'SUMATERA SELATAN'),
(17, 'BENGKULU'),
(18, 'LAMPUNG'),
(19, 'KEPULAUAN BANGKA BELITUNG'),
(21, 'KEPULAUAN RIAU'),
(31, 'DKI JAKARTA'),
(32, 'JAWA BARAT'),
(33, 'JAWA TENGAH'),
(34, 'DI YOGYAKARTA'),
(35, 'JAWA TIMUR'),
(36, 'BANTEN'),
(51, 'BALI'),
(52, 'NUSA TENGGARA BARAT'),
(53, 'NUSA TENGGARA TIMUR'),
(61, 'KALIMANTAN BARAT'),
(62, 'KALIMANTAN TENGAH'),
(63, 'KALIMANTAN SELATAN'),
(64, 'KALIMANTAN TIMUR'),
(65, 'KALIMANTAN UTARA'),
(71, 'SULAWESI UTARA'),
(72, 'SULAWESI TENGAH'),
(73, 'SULAWESI SELATAN'),
(74, 'SULAWESI TENGGARA'),
(75, 'GORONTALO'),
(76, 'SULAWESI BARAT'),
(81, 'MALUKU'),
(82, 'MALUKU UTARA'),
(91, 'PAPUA BARAT'),
(94, 'PAPUA');

-- --------------------------------------------------------

--
-- Struktur dari tabel `tbl_pt`
--

CREATE TABLE `tbl_pt` (
  `id_pt` int(7) NOT NULL,
  `nama_pt` varchar(50) NOT NULL,
  `status_pt` enum('NEGERI','SWASTA') NOT NULL,
  `akreditasi` char(1) NOT NULL,
  `email` varchar(30) NOT NULL,
  `website` varchar(40) NOT NULL,
  `no_telp` varchar(30) NOT NULL,
  `fax` varchar(30) NOT NULL,
  `publish_status` char(5) NOT NULL
) ENGINE=InnoDB DEFAULT CHARSET=latin1;

--
-- Dumping data untuk tabel `tbl_pt`
--

INSERT INTO `tbl_pt` (`id_pt`, `nama_pt`, `status_pt`, `akreditasi`, `email`, `website`, `no_telp`, `fax`, `publish_status`) VALUES
(97, 'UIN SUNAN GUNUNG DJATI', 'NEGERI', 'A', 'contact.uin@uinsgd.ac.id', 'http://uinsgd.ac.id', '022-7800525', '022-7803936', '1'),
(99, 'INSTITUT TEKNOLOGI BANDUNG', 'NEGERI', 'A', '-', 'http://itb.ac.id', '+62-22-250 0935', '+62-22-250 0935', '1'),
(114, 'Universitas Padjadjaran', 'NEGERI', '-', 'humas@unpad.ac.id', 'www.unpad.ac.id', '022-84288888', '022-84288889', '1'),
(115, 'Universitas Pendidikan Indonesia', 'NEGERI', '-', 'info@upi.edu', 'www.upi.edu', '022-2013161', '022-2013651', '1'),
(116, 'Universitas Siliwangi', 'NEGERI', 'A', 'info@unsil.ac.id', 'www.unsil.ac.id', '0265-330534', '0265-325812', '1'),
(117, 'Universitas Singaperbangsa Karawang', 'NEGERI', '-', 'info@unsika.ac.id', 'www.unsika.ac.id', '267641177', '267641367', '1'),
(118, 'Institut Pertanian Bogor', 'NEGERI', '-', 'humas@ipb.ac.id', 'www.ipb.ac.id', '0251-8622642', '0251-8622708', '1'),
(119, 'Institut Seni Budaya Indonesia Bandung', 'NEGERI', '-', 'isbi@isbi.ac.id', 'www.isbi.ac.id', '022-7314982', '022-7303021', '1'),
(120, 'Sekolah Tinggi Seni Indonesia Bandung', 'NEGERI', '-', 'stsi@stsi-bdg.ac.id', 'www.stsi-bdg.ac.id', '022-7314982', '022-7303021', '1'),
(121, 'Politeknik Manufaktur Bandung', 'NEGERI', '-', 'sekretariat@polman-bandung.ac.', 'www.polman-bandung.ac.id', '022-2500241', '022-2502649', '1'),
(122, 'Politeknik Negeri Jakarta', 'NEGERI', '-', 'humas@pnj.ac.id', 'www.pnj.ac.id', '021-7270036', '021-7270034', '1'),
(123, 'Politeknik Negeri Bandung', 'NEGERI', '-', 'polban@polban.ac.id', 'www.polban.ac.id', '2013789', '2013889', '1'),
(124, 'Politeknik Negeri Subang', 'NEGERI', '-', 'info@polsub.ac.id', 'www.polsub.ac.id', '0260-417648', '0260-417628', '1'),
(125, 'Politeknik Negeri Indramayu', 'NEGERI', '-', 'baak@polindra.ac.id', 'www.polindra.ac.id', '0234-5746464', '0234-5746464', '1'),
(126, 'Universitas Gunadarma', 'SWASTA', '-', 'sektor@gunadarma.ac.id', 'www.gunadarma.ac.id', '021-78881112', '021-7872829', '1'),
(127, 'Sekolah Tinggi Teknologi Jakarta', 'SWASTA', '-', 'enquiry@sttj.ac.id', 'www.sttj.ac.id', '8461155, 8483069', '8463692', '1'),
(128, 'Sekolah Tinggi Ilmu Hukum IBLAM', 'SWASTA', '-', 'sekretariatstihiblam.depok@gma', 'www.stihiblam.ac.id', '(021)7764310', '(021)7762969', '1'),
(129, 'Sekolah Tinggi Ilmu Kesehatan Medistra Indonesia', 'SWASTA', '-', 'stikesmi@yahoo.co.id', 'http://stikesmedistra-indonesia.ac.id', '021-82431375-76-77', '021-82431374', '1'),
(130, 'STIKES Mitra Keluarga', 'SWASTA', '-', 'stikes@mitrakeluarga.com', 'www.stikesmitrakeluarga.ac.id', '02188345997', '02188351995', '1'),
(131, 'Akademi Kimia Analis Caraka Nusantara', 'SWASTA', '-', 'info@akacn.ac.id', 'www.akacn.ac.id', '021-8710001', '021-8728523', '1'),
(137, 'UNIVERSITAS KOMPUTER INDONESIA', 'NEGERI', 'A', 'frozen@unikom.ac.id', 'www.unikom.ac.id', '(022) 2504119', '(022) 2504119', '1'),
(138, 'UNIVERSITAR INDONESIA', 'NEGERI', 'A', '-', 'www.ui.ac.id', '0', '0', '1'),
(139, 'UIN', 'NEGERI', 'A', '14zyran@gmail.com', 'UIN@Website', '085793083806', '122234', '18'),
(140, 'UIN BANDUNG', 'NEGERI', 'A', '-', '-', '0', '0', '1'),
(141, 'universitar bodong', 'NEGERI', 'A', 'hahaha', 'unbod.ac.id', '00', '00', '1');

-- --------------------------------------------------------

--
-- Struktur dari tabel `tbl_tempat`
--

CREATE TABLE `tbl_tempat` (
  `id_tempat` int(7) NOT NULL,
  `id_pt` int(7) NOT NULL,
  `alamat` varchar(50) NOT NULL,
  `id_kota` int(7) NOT NULL,
  `id_provinsi` int(7) NOT NULL,
  `lat` float(10,6) NOT NULL,
  `lng` float(10,6) NOT NULL
) ENGINE=InnoDB DEFAULT CHARSET=latin1;

--
-- Dumping data untuk tabel `tbl_tempat`
--

INSERT INTO `tbl_tempat` (`id_tempat`, `id_pt`, `alamat`, `id_kota`, `id_provinsi`, `lat`, `lng`) VALUES
(3, 97, 'Jl. AH Nasution No. 105', 3204, 32, -6.932538, 107.716110),
(4, 99, 'Jl. Ganesha 10 Bandung 40132', 3273, 32, -6.891373, 107.610413),
(18, 120, 'Jl. ahanasut', 1112, 11, 0.000000, 0.000000),
(19, 114, 'hihihi', 5106, 51, 0.000000, 0.000000),
(20, 117, 'Jl. Soekarna Hatti', 3601, 36, 0.000000, 0.000000),
(21, 116, '																		Cibiru																', 3204, 32, 0.000000, 0.000000),
(22, 119, '																											Jl. Bandung												', 5108, 51, -6.943108, 107.628113),
(23, 137, '									Jalan Dipatiukur No. 112-116, Coblong, Le', 3273, 32, -6.886851, 107.615288),
(24, 138, '									-								', 6504, 65, -6.367994, 106.829567),
(25, 139, 'Sukabumi', 3272, 32, 0.000000, 0.000000),
(26, 140, 'Jl. A.H Nasution', 3273, 32, -6.932517, 107.716095),
(27, 141, 'bandung', 6501, 65, -6.543543, 3.333330);

-- --------------------------------------------------------

--
-- Struktur dari tabel `tbl_user`
--

CREATE TABLE `tbl_user` (
  `id` int(5) NOT NULL,
  `username` varchar(20) NOT NULL,
  `fullname` varchar(30) NOT NULL,
  `email` varchar(30) NOT NULL,
  `password` varchar(30) NOT NULL,
  `status` char(1) NOT NULL
) ENGINE=MyISAM DEFAULT CHARSET=latin1;

--
-- Dumping data untuk tabel `tbl_user`
--

INSERT INTO `tbl_user` (`id`, `username`, `fullname`, `email`, `password`, `status`) VALUES
(10, 'admin', 'admin', 'admin@gmail.com', '123', '1'),
(13, 'member', 'member', 'member@gmail.com', '123', '0'),
(18, 'Zyran', 'Zyran Aditya Rahman', '14zyran@gmail.com', 'devito', '0'),
(17, 'halim', 'abd halim', 'halim@gmailcom', '123', '0'),
(16, 'newmember', 'New Member', 'new@member.com', 'iii', '0'),
(19, 'memberbaru', 'member baru', 'memeber@gmail.com', '123', '0'),
(20, 'afif', 'a fif', 'a@fif.com', 'xxx', '0');

--
-- Indexes for dumped tables
--

--
-- Indexes for table `tbl_jurusan`
--
ALTER TABLE `tbl_jurusan`
  ADD PRIMARY KEY (`id`),
  ADD UNIQUE KEY `id_pt_2` (`id_pt`,`kode_jurusan`),
  ADD KEY `kode_jurusan` (`kode_jurusan`),
  ADD KEY `id_pt` (`id_pt`);

--
-- Indexes for table `tbl_kota`
--
ALTER TABLE `tbl_kota`
  ADD PRIMARY KEY (`id_kota`);

--
-- Indexes for table `tbl_list_jurusan`
--
ALTER TABLE `tbl_list_jurusan`
  ADD PRIMARY KEY (`kode_jurusan`),
  ADD UNIQUE KEY `kode_jurusan` (`kode_jurusan`),
  ADD KEY `kode_jurusan_2` (`kode_jurusan`);

--
-- Indexes for table `tbl_notif`
--
ALTER TABLE `tbl_notif`
  ADD PRIMARY KEY (`id_notif`);

--
-- Indexes for table `tbl_provinsi`
--
ALTER TABLE `tbl_provinsi`
  ADD PRIMARY KEY (`id_provinsi`);

--
-- Indexes for table `tbl_pt`
--
ALTER TABLE `tbl_pt`
  ADD PRIMARY KEY (`id_pt`),
  ADD UNIQUE KEY `id_pt` (`id_pt`),
  ADD UNIQUE KEY `nama` (`nama_pt`),
  ADD KEY `id_pt_2` (`id_pt`);

--
-- Indexes for table `tbl_tempat`
--
ALTER TABLE `tbl_tempat`
  ADD PRIMARY KEY (`id_tempat`),
  ADD KEY `fk_kampus` (`id_pt`),
  ADD KEY `fk_tbl_kota` (`id_kota`),
  ADD KEY `fk_tbl_provinsi` (`id_provinsi`);

--
-- Indexes for table `tbl_user`
--
ALTER TABLE `tbl_user`
  ADD PRIMARY KEY (`id`),
  ADD UNIQUE KEY `username` (`username`),
  ADD UNIQUE KEY `email` (`email`);

--
-- AUTO_INCREMENT for dumped tables
--

--
-- AUTO_INCREMENT for table `tbl_jurusan`
--
ALTER TABLE `tbl_jurusan`
  MODIFY `id` int(11) NOT NULL AUTO_INCREMENT, AUTO_INCREMENT=88;
--
-- AUTO_INCREMENT for table `tbl_kota`
--
ALTER TABLE `tbl_kota`
  MODIFY `id_kota` int(7) NOT NULL AUTO_INCREMENT, AUTO_INCREMENT=9472;
--
-- AUTO_INCREMENT for table `tbl_notif`
--
ALTER TABLE `tbl_notif`
  MODIFY `id_notif` int(11) NOT NULL AUTO_INCREMENT, AUTO_INCREMENT=14;
--
-- AUTO_INCREMENT for table `tbl_provinsi`
--
ALTER TABLE `tbl_provinsi`
  MODIFY `id_provinsi` int(7) NOT NULL AUTO_INCREMENT, AUTO_INCREMENT=95;
--
-- AUTO_INCREMENT for table `tbl_pt`
--
ALTER TABLE `tbl_pt`
  MODIFY `id_pt` int(7) NOT NULL AUTO_INCREMENT, AUTO_INCREMENT=142;
--
-- AUTO_INCREMENT for table `tbl_tempat`
--
ALTER TABLE `tbl_tempat`
  MODIFY `id_tempat` int(7) NOT NULL AUTO_INCREMENT, AUTO_INCREMENT=28;
--
-- AUTO_INCREMENT for table `tbl_user`
--
ALTER TABLE `tbl_user`
  MODIFY `id` int(5) NOT NULL AUTO_INCREMENT, AUTO_INCREMENT=21;
--
-- Ketidakleluasaan untuk tabel pelimpahan (Dumped Tables)
--

--
-- Ketidakleluasaan untuk tabel `tbl_jurusan`
--
ALTER TABLE `tbl_jurusan`
  ADD CONSTRAINT `fk_pt` FOREIGN KEY (`id_pt`) REFERENCES `tbl_pt` (`id_pt`) ON DELETE CASCADE ON UPDATE CASCADE,
  ADD CONSTRAINT `fk_tbl_jurusan` FOREIGN KEY (`kode_jurusan`) REFERENCES `tbl_list_jurusan` (`kode_jurusan`) ON DELETE CASCADE ON UPDATE CASCADE;

--
-- Ketidakleluasaan untuk tabel `tbl_tempat`
--
ALTER TABLE `tbl_tempat`
  ADD CONSTRAINT `fk_kampus` FOREIGN KEY (`id_pt`) REFERENCES `tbl_pt` (`id_pt`) ON DELETE CASCADE ON UPDATE CASCADE,
  ADD CONSTRAINT `fk_tbl_kota` FOREIGN KEY (`id_kota`) REFERENCES `tbl_kota` (`id_kota`) ON DELETE CASCADE ON UPDATE CASCADE,
  ADD CONSTRAINT `fk_tbl_provinsi` FOREIGN KEY (`id_provinsi`) REFERENCES `tbl_provinsi` (`id_provinsi`) ON DELETE CASCADE ON UPDATE CASCADE;

/*!40101 SET CHARACTER_SET_CLIENT=@OLD_CHARACTER_SET_CLIENT */;
/*!40101 SET CHARACTER_SET_RESULTS=@OLD_CHARACTER_SET_RESULTS */;
/*!40101 SET COLLATION_CONNECTION=@OLD_COLLATION_CONNECTION */;
